ID,V8,V9,V10,Q1,Q2_1,Q3_1,Q3_2,Q3_3,Q3_4,Q3_5,Q3_6,Q3_7,Q3_8,Q12_1_Group,Q12_2_Group,Q12_3_Group,Q12_4_Group,Q12_5_Group,Q12_6_Group,Q12_7_Group,Q12_8_Group,Q12_9_Group,Q12_10_Group,Q12_11_Group,Q12_12_Group,Q12_13_Group,Q12_14_Group,Q12_15_Group,Q12_16_Group,Q12_17_Group,Q12_18_Group,Q12_19_Group,Q12_20_Group,Q12_21_Group,Q12_22_Group,Q12_23_Group
NA,5/12/2011 0:19,5/12/2011 0:36,1,1,54,1,NA,NA,NA,1,1,NA,NA,1,1,0,0,1,1,0,2,2,0,2,1,0,1,0,2,1,2,0,0,1,1,NA
NA,5/12/2011 0:38,5/12/2011 0:40,1,2,NA,NA,NA,NA,NA,NA,NA,NA,NA,NA,NA,NA,NA,NA,NA,NA,NA,NA,NA,NA,NA,NA,NA,NA,NA,NA,NA,NA,NA,NA,NA,NA
NA,5/12/2011 8:39,5/12/2011 9:04,1,1,80,1,1,1,1,NA,NA,NA,NA,1,NA,NA,1,NA,1,NA,1,2,NA,NA,1,0,1,0,1,NA,0,0,0,NA,NA,NA
NA,5/12/2011 9:12,5/12/2011 9:40,1,1,20,NA,NA,1,NA,NA,NA,1,NA,2,1,2,1,0,0,2,0,0,1,1,1,0,1,0,0,0,1,1,1,0,1,NA
NA,5/12/2011 10:02,5/12/2011 10:12,1,1,100,1,1,1,1,NA,NA,NA,NA,1,1,0,0,1,1,1,1,1,1,2,1,0,1,0,1,0,0,0,0,1,2,NA
NA,5/12/2011 9:46,5/12/2011 10:32,1,1,60,1,1,NA,NA,NA,NA,NA,NA,1,0,2,0,0,2,2,1,0,1,2,1,0,1,0,2,2,0,0,0,2,1,NA
NA,5/12/2011 12:50,5/12/2011 12:57,1,1,10,1,NA,NA,NA,NA,NA,NA,NA,NA,NA,1,1,NA,NA,NA,NA,NA,1,NA,NA,NA,NA,NA,NA,NA,NA,NA,NA,1,NA,NA
NA,5/12/2011 13:44,5/12/2011 13:53,1,1,100,1,1,1,NA,NA,1,NA,NA,2,1,0,2,2,2,2,2,2,2,1,1,0,2,0,1,1,1,0,0,1,2,0
NA,5/12/2011 13:49,5/12/2011 13:59,1,1,85,1,1,1,NA,1,1,NA,NA,2,2,2,1,1,1,0,0,1,0,2,2,1,2,0,0,2,0,0,0,0,0,2
NA,5/12/2011 15:10,5/12/2011 15:12,1,2,NA,NA,NA,NA,NA,NA,NA,NA,NA,NA,NA,NA,NA,NA,NA,NA,NA,NA,NA,NA,NA,NA,NA,NA,NA,NA,NA,NA,NA,NA,NA,NA
NA,5/12/2011 15:12,5/12/2011 15:25,1,1,30,1,NA,NA,1,1,1,1,1,2,1,2,0,0,0,2,0,2,1,1,0,0,1,0,2,0,0,1,1,0,0,2
21583,5/16/2011 10:56,5/16/2011 11:02,1,1,60,1,1,1,NA,NA,NA,NA,NA,2,2,0,0,1,2,1,2,2,0,2,0,0,2,0,1,1,0,0,0,0,0,2
NA,5/16/2011 11:56,5/16/2011 11:58,1,1,20,1,NA,NA,NA,NA,NA,NA,NA,NA,NA,NA,NA,NA,NA,NA,NA,NA,NA,NA,NA,NA,NA,NA,NA,NA,NA,NA,NA,NA,NA,NA
1266521,5/16/2011 13:54,5/16/2011 13:57,1,2,NA,NA,NA,NA,NA,NA,NA,NA,NA,NA,NA,NA,NA,NA,NA,NA,NA,NA,NA,NA,NA,NA,NA,NA,NA,NA,NA,NA,NA,NA,NA,NA
871658,5/16/2011 13:55,5/16/2011 13:57,1,2,NA,NA,NA,NA,NA,NA,NA,NA,NA,NA,NA,NA,NA,NA,NA,NA,NA,NA,NA,NA,NA,NA,NA,NA,NA,NA,NA,NA,NA,NA,NA,NA
1255145,5/16/2011 13:55,5/16/2011 13:58,1,2,NA,NA,NA,NA,NA,NA,NA,NA,NA,NA,NA,NA,NA,NA,NA,NA,NA,NA,NA,NA,NA,NA,NA,NA,NA,NA,NA,NA,NA,NA,NA,NA
319671,5/16/2011 13:52,5/16/2011 13:59,1,1,75,1,1,NA,NA,NA,NA,NA,NA,NA,NA,1,1,NA,NA,NA,NA,NA,NA,NA,0,NA,NA,NA,NA,NA,NA,NA,NA,1,NA,NA
1085161,5/16/2011 13:52,5/16/2011 13:59,1,1,100,1,1,NA,NA,NA,1,NA,NA,2,2,0,0,2,2,1,2,0,2,1,1,1,2,1,2,0,0,0,2,0,2,2
405275,5/16/2011 13:52,5/16/2011 14:00,1,1,100,1,NA,NA,NA,NA,NA,NA,NA,2,0,0,0,1,1,1,2,0,0,2,1,0,0,0,0,1,0,0,1,0,0,0
1234041,5/16/2011 13:52,5/16/2011 14:00,1,1,100,1,1,NA,NA,1,1,NA,NA,1,1,0,0,1,0,1,1,1,1,1,0,0,1,0,2,0,0,0,0,0,0,0
284910,5/16/2011 13:53,5/16/2011 14:00,1,1,95,1,1,1,NA,NA,NA,1,NA,1,2,1,1,1,2,1,1,2,1,2,1,1,1,1,0,1,1,1,2,1,2,1
1275663,5/16/2011 13:53,5/16/2011 14:01,1,1,100,1,1,1,NA,1,1,1,1,2,2,0,0,2,2,2,2,2,2,2,2,1,2,0,1,2,0,0,1,0,1,2
44483,5/16/2011 13:52,5/16/2011 14:01,1,1,97,1,1,NA,NA,NA,NA,1,1,NA,NA,NA,0,NA,NA,NA,1,NA,NA,1,1,NA,NA,NA,NA,1,NA,NA,NA,0,NA,NA
1275037,5/16/2011 13:53,5/16/2011 14:01,1,1,100,NA,NA,NA,1,1,1,1,1,NA,NA,0,1,NA,NA,NA,NA,NA,NA,NA,NA,1,NA,NA,NA,NA,1,NA,1,NA,NA,NA
927033,5/16/2011 13:52,5/16/2011 14:02,1,1,100,1,NA,NA,NA,NA,1,NA,NA,1,1,2,2,2,2,2,2,2,2,2,2,2,2,2,0,2,2,2,2,1,1,2
1267100,5/16/2011 13:53,5/16/2011 14:02,1,1,100,1,1,1,1,1,1,NA,NA,1,2,0,1,1,1,1,1,0,1,0,0,0,2,1,0,1,0,0,0,2,2,1
585880,5/16/2011 13:52,5/16/2011 14:02,1,1,100,1,1,NA,1,1,1,1,1,2,2,0,0,2,2,2,2,2,1,2,2,0,2,0,1,0,0,0,0,2,2,1
57769,5/16/2011 13:54,5/16/2011 14:02,1,1,100,1,1,1,NA,NA,1,1,1,1,2,2,2,2,2,2,1,2,2,2,2,2,2,2,0,2,2,2,2,2,2,2
528442,5/16/2011 13:54,5/16/2011 14:02,1,1,10,1,NA,NA,NA,NA,NA,1,1,2,0,0,0,2,2,2,2,1,2,1,2,2,2,2,2,2,0,0,0,1,1,1
498748,5/16/2011 13:54,5/16/2011 14:02,1,1,100,1,1,1,NA,NA,1,1,NA,0,1,1,1,1,1,1,1,1,0,1,1,1,1,1,0,1,1,1,1,0,1,1
1272686,5/16/2011 13:55,5/16/2011 14:02,1,1,100,1,1,1,NA,1,1,1,1,1,2,2,2,2,2,2,1,2,2,1,0,2,1,2,1,1,1,1,2,0,2,2
1225451,5/16/2011 13:53,5/16/2011 14:02,1,1,100,1,1,1,1,1,NA,1,1,2,0,1,0,2,2,2,2,1,1,0,0,0,2,0,1,1,0,0,0,0,2,1
973776,5/16/2011 13:55,5/16/2011 14:03,1,1,100,1,1,1,NA,1,1,1,1,1,2,2,1,0,0,0,1,1,1,1,0,2,1,2,2,2,2,1,2,0,2,1
1237269,5/16/2011 13:54,5/16/2011 14:04,1,1,87,1,1,1,NA,NA,NA,NA,NA,0,1,0,0,1,2,2,1,0,0,1,0,1,1,1,1,1,0,0,0,1,1,1
713869,5/16/2011 13:52,5/16/2011 14:04,1,1,100,NA,1,NA,1,NA,1,1,1,1,2,0,0,1,2,1,2,1,2,2,2,0,1,0,1,2,1,0,1,2,2,0
765972,5/16/2011 13:53,5/16/2011 14:04,1,1,100,1,1,1,1,NA,1,1,1,2,2,0,0,2,2,2,2,2,2,2,2,2,1,2,1,1,0,0,2,1,2,2
382221,5/16/2011 13:53,5/16/2011 14:04,1,1,50,NA,1,1,NA,NA,NA,NA,NA,0,1,0,1,1,1,1,1,1,1,0,1,1,1,1,1,0,0,0,1,0,1,0
1278706,5/16/2011 13:56,5/16/2011 14:05,1,1,81,1,1,1,1,1,NA,NA,NA,2,2,1,0,2,2,2,2,2,2,2,1,1,2,1,1,0,0,0,1,1,2,2
1162457,5/16/2011 13:58,5/16/2011 14:05,1,1,100,1,NA,NA,NA,1,1,1,1,2,1,1,0,2,2,2,2,2,0,2,0,0,2,0,1,0,0,0,0,1,0,1
369971,5/16/2011 13:52,5/16/2011 14:06,1,1,98,1,NA,1,NA,NA,NA,NA,NA,0,0,0,0,0,1,1,0,1,0,1,0,0,1,0,1,0,0,0,0,0,0,0
1251077,5/16/2011 13:59,5/16/2011 14:06,1,1,100,1,1,1,NA,1,NA,NA,NA,NA,NA,NA,NA,NA,NA,NA,NA,NA,NA,NA,NA,NA,NA,NA,NA,NA,NA,NA,NA,NA,NA,NA
704016,5/16/2011 13:53,5/16/2011 14:06,1,1,75,NA,NA,NA,NA,NA,1,NA,NA,2,2,1,1,1,2,2,2,2,2,1,1,1,2,1,2,2,1,2,1,0,2,2
1616728,5/16/2011 13:56,5/16/2011 14:07,1,1,100,1,1,1,NA,1,1,1,1,0,0,2,2,2,2,2,2,1,1,2,1,2,0,2,0,2,2,2,2,0,0,2
539826,5/16/2011 13:52,5/16/2011 14:07,1,1,100,NA,1,NA,NA,NA,1,NA,NA,2,1,0,1,1,1,2,2,2,2,1,0,0,2,0,2,1,1,1,0,0,0,1
92396,5/16/2011 13:53,5/16/2011 14:07,1,1,100,1,1,1,NA,1,1,1,1,1,2,1,1,1,2,1,2,1,1,1,1,1,2,1,0,1,1,1,2,1,2,1
1253851,5/16/2011 13:57,5/16/2011 14:07,1,1,20,1,1,NA,NA,1,1,1,NA,1,2,0,1,1,1,2,1,2,2,2,0,0,2,2,0,2,1,1,1,1,2,2
1261226,5/16/2011 13:55,5/16/2011 14:07,1,1,100,1,1,1,1,1,NA,NA,NA,2,2,2,2,2,2,2,2,2,1,2,0,0,2,1,2,2,2,2,2,1,2,0
653623,5/16/2011 13:58,5/16/2011 14:07,1,1,100,NA,1,1,NA,NA,NA,NA,NA,2,1,1,1,2,2,1,2,2,2,1,0,0,2,0,0,0,0,0,2,2,2,0
831232,5/16/2011 13:57,5/16/2011 14:08,1,1,93,NA,1,NA,NA,NA,NA,1,1,NA,0,NA,NA,NA,NA,NA,NA,1,NA,1,NA,NA,NA,NA,0,2,1,NA,NA,NA,NA,NA
1241886,5/16/2011 14:01,5/16/2011 14:09,1,1,80,1,NA,NA,NA,1,1,1,1,2,2,1,0,2,2,2,2,2,2,2,2,0,2,1,1,1,1,0,2,1,2,2
1693467,5/16/2011 13:58,5/16/2011 14:09,1,1,85,NA,1,NA,NA,NA,1,NA,NA,2,2,0,0,2,2,2,2,2,1,2,2,2,2,0,1,0,0,0,1,1,2,2
707451,5/16/2011 13:58,5/16/2011 14:09,1,1,100,1,NA,NA,NA,NA,1,1,NA,1,1,1,1,1,2,1,1,1,1,1,1,0,0,0,0,0,0,1,1,0,1,0
942454,5/16/2011 14:03,5/16/2011 14:09,1,1,100,1,1,1,1,1,NA,NA,NA,1,2,1,1,1,1,1,2,0,0,0,1,0,1,0,1,1,0,0,2,1,2,1
1263062,5/16/2011 13:55,5/16/2011 14:09,1,1,100,1,1,1,1,NA,1,NA,1,1,0,0,0,1,2,2,1,0,0,1,1,0,1,0,1,2,0,0,0,1,2,0
1154391,5/16/2011 13:58,5/16/2011 14:10,1,1,100,1,1,1,1,NA,1,NA,1,2,2,0,0,1,2,1,1,1,2,0,0,0,2,0,1,1,0,0,1,1,1,0
1274820,5/16/2011 14:00,5/16/2011 14:10,1,1,100,1,NA,NA,NA,NA,1,1,NA,2,1,0,0,2,2,2,2,2,2,2,1,1,2,1,0,2,0,0,0,2,2,2
431569,5/16/2011 13:57,5/16/2011 14:10,1,1,95,1,1,NA,NA,1,1,1,1,0,0,0,0,1,2,1,1,1,1,2,1,1,1,1,0,2,1,0,1,2,1,0
1310852,5/16/2011 13:55,5/16/2011 14:10,1,1,90,NA,1,1,NA,1,1,NA,NA,1,2,1,1,1,2,0,2,0,1,2,2,2,1,2,2,1,0,0,1,0,1,1
1260382,5/16/2011 13:54,5/16/2011 14:10,1,1,100,1,1,1,NA,1,1,NA,1,0,1,1,0,1,1,1,1,1,0,2,0,1,2,0,0,2,2,2,2,0,0,1
1275828,5/16/2011 14:01,5/16/2011 14:11,1,1,100,1,1,1,NA,NA,NA,NA,NA,0,0,2,0,2,1,1,1,1,0,2,2,1,1,2,2,1,0,1,2,1,1,2
1206270,5/16/2011 13:57,5/16/2011 14:11,1,1,89,1,NA,NA,NA,1,1,1,NA,0,NA,0,0,NA,NA,NA,NA,1,0,0,NA,0,NA,0,NA,0,1,NA,NA,NA,NA,NA
1267590,5/16/2011 13:56,5/16/2011 14:11,1,1,100,1,1,1,NA,1,1,NA,NA,NA,NA,NA,NA,NA,NA,NA,NA,NA,NA,NA,NA,NA,NA,NA,0,NA,NA,NA,NA,NA,NA,NA
1242154,5/16/2011 13:54,5/16/2011 14:12,1,1,100,1,1,1,1,1,1,NA,NA,1,2,0,0,2,2,2,NA,1,2,NA,NA,1,2,NA,NA,0,1,NA,1,NA,NA,2
1282626,5/16/2011 13:54,5/16/2011 14:12,1,1,100,1,1,1,1,NA,1,NA,NA,0,2,0,0,2,2,2,2,2,0,1,1,0,2,0,1,2,1,0,1,0,1,1
800503,5/16/2011 14:02,5/16/2011 14:13,1,1,86,1,NA,1,NA,1,NA,1,1,2,2,0,0,0,2,1,1,1,1,1,1,2,2,1,0,0,0,0,0,0,0,1
628497,5/16/2011 14:05,5/16/2011 14:13,1,1,100,NA,1,1,NA,1,1,1,1,NA,NA,NA,NA,NA,NA,NA,NA,NA,NA,NA,NA,NA,NA,NA,NA,NA,NA,NA,NA,NA,NA,NA
807310,5/16/2011 13:57,5/16/2011 14:13,1,1,100,1,1,1,NA,1,1,1,1,1,2,1,0,2,2,2,2,2,0,2,2,2,2,0,0,1,1,1,2,0,2,2
1274110,5/16/2011 13:54,5/16/2011 14:13,1,1,50,1,1,1,1,NA,NA,NA,NA,NA,0,0,0,NA,NA,NA,NA,NA,NA,NA,NA,NA,NA,NA,NA,NA,NA,0,0,NA,NA,NA
1234968,5/16/2011 14:02,5/16/2011 14:14,1,1,100,1,1,1,1,NA,NA,1,NA,NA,NA,0,0,NA,NA,NA,NA,NA,NA,NA,0,NA,NA,NA,NA,NA,NA,0,NA,NA,NA,0
665111,5/16/2011 13:56,5/16/2011 14:14,1,1,92,1,1,1,1,1,1,NA,1,NA,NA,0,0,NA,NA,NA,NA,NA,NA,NA,NA,0,NA,0,1,1,NA,1,NA,1,NA,NA
993716,5/16/2011 13:59,5/16/2011 14:14,1,1,100,1,1,1,NA,1,1,NA,NA,0,1,1,0,0,0,2,0,0,0,1,0,1,0,2,0,0,0,0,1,0,0,2
1266842,5/16/2011 14:05,5/16/2011 14:14,1,1,100,1,1,NA,NA,NA,NA,NA,NA,1,2,0,1,2,2,1,2,0,2,0,1,1,2,0,2,1,0,0,2,0,0,0
627184,5/16/2011 14:01,5/16/2011 14:14,1,1,100,1,1,1,NA,1,1,1,1,1,1,1,1,2,2,1,1,1,1,1,1,1,2,1,0,0,1,1,1,1,1,1
272356,5/16/2011 14:03,5/16/2011 14:14,1,1,100,NA,1,1,NA,NA,1,NA,1,2,1,0,0,2,2,1,2,1,0,2,0,1,0,0,2,1,0,0,1,0,1,0
1276316,5/16/2011 14:06,5/16/2011 14:15,1,1,100,NA,1,NA,1,NA,NA,1,1,2,1,0,0,2,1,2,1,0,2,1,0,0,2,0,2,0,0,1,1,1,1,0
1241502,5/16/2011 14:05,5/16/2011 14:15,1,1,100,1,1,1,NA,NA,1,NA,NA,NA,NA,0,0,NA,NA,NA,NA,0,0,NA,NA,1,NA,NA,NA,1,NA,NA,NA,0,NA,0
1118719,5/16/2011 13:52,5/16/2011 14:16,1,1,82,1,1,1,NA,1,1,NA,NA,0,1,0,0,1,0,1,1,1,1,1,1,1,1,1,1,0,0,0,1,1,0,1
811507,5/16/2011 14:05,5/16/2011 14:16,1,1,91,1,1,NA,NA,NA,1,NA,NA,2,1,1,0,2,2,1,2,0,1,1,0,0,2,0,1,2,1,0,1,0,2,2
1273345,5/16/2011 14:06,5/16/2011 14:17,1,1,100,NA,1,NA,NA,NA,1,NA,1,1,2,0,0,1,0,0,1,2,1,2,2,1,2,0,1,1,0,0,1,1,2,2
695905,5/16/2011 13:55,5/16/2011 14:17,1,1,100,1,NA,NA,NA,1,1,1,NA,2,1,0,0,2,2,2,2,2,1,2,2,2,2,1,2,0,0,0,0,1,1,2
1253119,5/16/2011 14:08,5/16/2011 14:18,1,1,61,1,NA,NA,NA,NA,NA,NA,NA,2,1,0,0,2,2,2,2,2,2,2,1,1,2,1,2,2,2,0,1,0,1,1
533285,5/16/2011 13:59,5/16/2011 14:18,1,1,41,NA,1,1,1,NA,1,NA,1,1,1,2,0,0,1,1,1,0,1,1,1,1,0,0,1,0,1,0,1,1,1,0
257511,5/16/2011 14:09,5/16/2011 14:19,1,1,100,NA,1,1,NA,NA,NA,NA,NA,1,1,0,1,1,1,1,1,2,0,2,2,1,2,1,1,0,0,0,0,0,0,2
548414,5/16/2011 14:09,5/16/2011 14:19,1,1,100,1,1,1,NA,1,NA,1,NA,2,2,1,1,2,2,2,2,2,0,2,1,1,2,0,2,1,1,1,2,2,2,2
31894,5/16/2011 14:05,5/16/2011 14:19,1,1,100,1,1,1,NA,NA,NA,NA,NA,2,1,1,1,0,2,0,2,0,0,1,1,1,2,0,1,0,0,0,0,1,1,1
798691,5/16/2011 14:05,5/16/2011 14:20,1,1,100,1,1,1,1,1,1,1,1,2,1,2,0,2,2,2,2,2,2,1,2,2,2,1,2,2,1,0,1,1,1,2
991907,5/16/2011 13:54,5/16/2011 14:20,1,1,75,1,1,1,NA,1,1,NA,NA,2,2,2,2,2,2,2,2,2,1,2,1,2,2,2,0,2,2,2,2,1,2,2
1621703,5/16/2011 14:12,5/16/2011 14:20,1,1,100,NA,NA,1,NA,1,1,NA,NA,NA,NA,NA,0,NA,NA,NA,NA,NA,NA,NA,NA,0,NA,NA,0,0,0,0,NA,NA,NA,NA
1236418,5/16/2011 14:09,5/16/2011 14:20,1,1,100,1,1,1,NA,1,1,1,1,2,1,1,1,2,2,2,1,1,2,1,0,1,2,1,0,1,1,1,2,2,1,1
538067,5/16/2011 14:00,5/16/2011 14:20,1,1,100,1,1,1,1,1,1,1,1,NA,NA,NA,0,NA,NA,NA,NA,1,NA,NA,NA,1,NA,NA,NA,NA,0,0,NA,1,NA,NA
374146,5/16/2011 14:09,5/16/2011 14:20,1,1,100,NA,1,1,1,NA,NA,NA,NA,1,2,0,1,1,1,2,1,2,1,1,2,1,2,0,1,0,1,0,2,0,2,1
646743,5/16/2011 14:12,5/16/2011 14:20,1,1,100,1,1,NA,NA,NA,1,NA,NA,2,0,0,0,2,2,2,2,1,2,2,1,1,2,0,2,2,0,0,0,0,0,1
1260048,5/16/2011 14:06,5/16/2011 14:21,1,1,100,1,1,1,NA,1,1,1,1,2,2,2,2,2,2,2,2,2,2,2,2,2,2,2,0,2,2,2,2,2,2,2
1264271,5/16/2011 14:07,5/16/2011 14:21,1,1,100,1,1,NA,NA,NA,1,1,NA,1,1,0,1,2,2,2,2,1,2,2,2,2,2,0,2,0,0,0,1,2,2,1
727698,5/16/2011 14:11,5/16/2011 14:23,1,1,100,1,1,1,1,1,1,1,1,0,1,0,0,2,1,2,2,0,1,2,1,0,2,0,2,0,0,0,1,1,2,1
1284370,5/16/2011 14:16,5/16/2011 14:24,1,1,100,1,NA,1,NA,1,1,NA,NA,2,2,2,0,2,2,2,2,NA,NA,NA,NA,NA,NA,0,NA,2,0,0,NA,NA,NA,1
1283342,5/16/2011 14:05,5/16/2011 14:24,1,1,50,NA,1,NA,NA,1,1,1,1,0,0,0,0,NA,NA,NA,NA,NA,NA,0,NA,NA,NA,NA,NA,NA,0,NA,NA,NA,NA,0
1217012,5/16/2011 14:14,5/16/2011 14:24,1,1,61,NA,NA,1,NA,1,1,NA,NA,2,2,1,1,2,2,1,2,2,1,2,1,1,2,1,0,1,1,1,2,1,1,1
643876,5/16/2011 14:10,5/16/2011 14:24,1,1,80,1,1,NA,NA,1,NA,NA,NA,0,2,1,1,0,0,0,2,0,0,2,2,1,0,0,0,2,0,0,2,1,1,2
1245354,5/16/2011 14:11,5/16/2011 14:24,1,1,100,1,1,NA,NA,NA,1,1,1,1,1,1,0,1,0,0,0,1,0,0,1,1,2,1,2,1,1,1,2,0,1,1
436197,5/16/2011 14:17,5/16/2011 14:24,1,1,100,1,NA,NA,1,1,NA,NA,NA,0,0,0,1,1,2,0,0,1,0,1,1,0,0,1,1,2,2,1,0,1,0,0
1244710,5/16/2011 14:13,5/16/2011 14:26,1,1,100,1,1,1,NA,1,1,NA,NA,2,2,2,1,2,2,2,1,2,2,2,2,2,2,2,0,1,1,1,2,1,2,2
179188,5/16/2011 14:15,5/16/2011 14:26,1,1,91,1,1,NA,NA,1,1,NA,NA,1,2,0,0,2,1,0,1,0,1,0,1,0,2,0,2,1,0,0,1,1,1,0
584662,5/16/2011 14:13,5/16/2011 14:26,1,1,100,NA,1,NA,NA,NA,1,1,NA,2,1,0,0,1,2,1,1,1,2,1,0,2,1,0,1,0,0,0,0,0,1,1
627369,5/16/2011 14:12,5/16/2011 14:26,1,1,92,1,1,1,NA,1,1,1,NA,NA,NA,NA,0,NA,NA,NA,NA,NA,NA,NA,NA,1,NA,1,0,0,0,0,1,1,NA,NA
1268512,5/16/2011 14:13,5/16/2011 14:26,1,1,91,NA,1,NA,NA,NA,1,NA,NA,1,2,0,1,2,1,2,2,1,2,1,1,2,2,1,2,1,1,0,2,1,2,0
1273151,5/16/2011 14:11,5/16/2011 14:26,1,1,20,NA,1,1,1,NA,1,NA,NA,2,1,1,0,1,0,1,1,NA,0,NA,NA,NA,NA,NA,NA,NA,NA,NA,NA,1,NA,NA
990091,5/16/2011 14:14,5/16/2011 14:26,1,1,100,1,1,1,1,1,1,NA,NA,0,0,0,0,0,2,0,0,0,0,0,1,0,1,0,0,1,0,0,0,0,0,0
1278484,5/16/2011 14:18,5/16/2011 14:27,1,1,100,NA,1,1,NA,NA,NA,NA,NA,NA,0,2,0,NA,NA,NA,NA,1,NA,0,0,1,NA,1,NA,NA,NA,1,0,1,0,1
862130,5/16/2011 14:11,5/16/2011 14:27,1,1,100,1,1,1,NA,NA,1,1,1,1,2,2,0,1,2,1,2,1,2,2,2,2,2,1,1,2,0,0,2,0,2,2
1205442,5/16/2011 14:15,5/16/2011 14:27,1,1,100,1,1,1,NA,NA,1,1,1,2,2,2,2,2,2,2,2,2,2,2,2,2,2,2,0,2,2,2,2,2,2,2
977569,5/16/2011 14:12,5/16/2011 14:27,1,1,80,1,1,1,1,NA,NA,NA,NA,2,0,0,1,1,2,1,1,0,2,0,2,1,2,1,1,1,0,0,0,1,0,0
1272670,5/16/2011 14:16,5/16/2011 14:28,1,1,98,NA,1,1,NA,NA,1,NA,NA,2,1,1,0,1,2,2,2,2,0,2,1,1,2,1,0,1,1,0,1,1,1,1
76379,5/16/2011 14:21,5/16/2011 14:29,1,1,97,1,NA,NA,NA,NA,1,1,NA,0,NA,0,NA,NA,NA,NA,NA,2,1,NA,0,NA,NA,NA,0,NA,NA,NA,NA,0,NA,NA
272779,5/16/2011 14:21,5/16/2011 14:29,1,1,100,1,NA,1,NA,1,NA,1,NA,2,2,2,1,2,2,2,2,2,2,2,2,2,2,1,1,0,0,0,2,2,2,2
795043,5/16/2011 14:18,5/16/2011 14:29,1,1,100,1,1,1,1,NA,1,1,1,1,2,1,0,1,2,2,2,2,0,1,1,2,2,2,0,2,1,0,2,0,2,2
793338,5/16/2011 14:21,5/16/2011 14:30,1,1,100,1,1,1,NA,NA,1,1,NA,1,1,1,0,2,2,2,1,2,0,2,1,1,1,1,1,2,0,0,1,1,2,0
1124277,5/16/2011 14:04,5/16/2011 14:30,1,1,100,1,1,1,NA,NA,1,1,1,1,1,2,0,2,2,2,2,2,1,2,2,1,2,1,0,0,0,1,0,0,0,1
984509,5/16/2011 14:17,5/16/2011 14:30,1,1,100,1,1,1,1,1,1,1,1,0,2,1,1,1,2,0,2,1,0,2,1,2,1,2,0,1,1,0,2,1,2,1
493728,5/16/2011 14:21,5/16/2011 14:30,1,1,100,1,1,NA,1,NA,1,1,NA,0,1,0,0,1,1,1,0,0,1,1,1,0,1,0,1,0,1,1,1,1,1,0
1605287,5/16/2011 14:23,5/16/2011 14:31,1,1,100,1,1,NA,NA,NA,NA,NA,NA,1,1,0,0,0,0,0,0,2,1,1,1,1,1,2,2,1,1,2,2,1,2,2
1233599,5/16/2011 14:22,5/16/2011 14:31,1,1,100,1,NA,NA,NA,NA,NA,1,NA,1,2,2,0,2,2,2,2,2,0,2,2,1,2,0,1,0,0,0,2,1,2,0
1528803,5/16/2011 14:23,5/16/2011 14:31,1,1,92,1,1,NA,NA,NA,NA,NA,NA,1,0,1,0,1,1,2,2,0,0,1,1,0,1,0,1,0,0,0,0,0,0,1
379982,5/16/2011 14:21,5/16/2011 14:31,1,1,100,1,1,1,NA,NA,1,NA,NA,2,1,0,0,2,2,2,2,2,2,2,2,1,2,0,2,0,0,0,0,2,2,1
1281595,5/16/2011 14:10,5/16/2011 14:31,1,1,90,NA,1,1,NA,NA,1,1,NA,0,2,0,0,2,2,1,1,2,0,2,1,0,2,0,1,0,1,1,1,0,2,2
1268699,5/16/2011 14:21,5/16/2011 14:31,1,1,69,1,1,NA,NA,NA,NA,1,NA,NA,1,NA,1,NA,NA,2,2,2,1,1,1,NA,2,1,NA,NA,NA,0,1,0,0,2
830274,5/16/2011 14:21,5/16/2011 14:33,1,1,81,1,1,1,NA,1,NA,1,NA,1,2,1,1,2,2,2,2,1,2,2,1,2,2,1,0,2,2,1,2,1,2,1
627526,5/16/2011 14:19,5/16/2011 14:34,1,1,100,1,1,1,1,1,1,1,1,1,1,2,0,2,2,1,1,2,2,1,1,1,2,1,2,1,0,0,1,1,1,2
1249246,5/16/2011 14:11,5/16/2011 14:34,1,1,100,1,1,1,NA,1,1,1,1,2,0,1,0,2,2,2,2,2,1,1,2,0,1,0,1,0,0,0,0,1,0,2
1211396,5/16/2011 14:12,5/16/2011 14:35,1,1,100,1,NA,1,NA,1,1,1,1,2,0,2,0,1,2,2,2,2,2,1,0,0,2,2,1,0,0,1,0,2,1,2
1273641,5/16/2011 13:55,5/16/2011 14:36,1,1,100,NA,1,1,NA,NA,NA,NA,NA,NA,NA,0,NA,NA,NA,NA,NA,NA,NA,NA,NA,NA,NA,NA,NA,NA,NA,NA,NA,NA,NA,NA
1259830,5/16/2011 14:30,5/16/2011 14:36,1,1,100,1,NA,1,NA,1,NA,1,1,1,2,2,2,2,2,2,2,2,1,2,2,2,2,2,2,2,2,2,2,0,2,2
724526,5/16/2011 14:25,5/16/2011 14:37,1,1,98,NA,1,1,NA,1,1,NA,1,2,2,1,1,2,2,2,2,2,2,1,1,1,2,1,0,2,1,2,2,2,2,2
714419,5/16/2011 14:24,5/16/2011 14:37,1,1,96,1,1,NA,NA,NA,1,1,NA,1,1,0,0,2,2,NA,2,1,NA,2,NA,0,NA,0,0,NA,NA,1,1,0,1,NA
775277,5/16/2011 14:26,5/16/2011 14:37,1,1,99,1,1,NA,NA,NA,1,NA,NA,2,2,1,0,0,1,2,2,1,0,0,0,0,1,0,2,1,0,0,2,0,2,1
1692215,5/16/2011 14:23,5/16/2011 14:37,1,1,0,1,1,1,1,1,NA,1,NA,2,2,0,1,2,2,2,2,2,2,0,0,1,2,0,2,1,0,0,0,0,2,1
1275501,5/16/2011 14:29,5/16/2011 14:38,1,1,98,NA,1,1,NA,1,NA,NA,NA,1,2,0,1,1,2,2,2,2,1,1,0,0,0,0,1,1,0,0,1,1,2,1
1253803,5/16/2011 14:29,5/16/2011 14:38,1,1,100,NA,1,1,NA,NA,1,1,1,2,2,0,0,2,2,2,2,2,2,1,1,2,2,1,0,2,2,1,2,2,2,1
1154408,5/16/2011 14:27,5/16/2011 14:39,1,1,100,1,NA,NA,NA,NA,1,NA,NA,2,2,2,2,2,2,2,2,2,2,2,2,2,1,2,0,2,2,2,2,1,2,2
156045,5/16/2011 14:27,5/16/2011 14:39,1,1,100,1,1,1,1,1,1,NA,NA,NA,NA,NA,NA,NA,NA,NA,NA,NA,0,NA,0,NA,NA,NA,1,0,0,1,NA,NA,NA,0
630816,5/16/2011 14:29,5/16/2011 14:40,1,1,100,1,1,1,NA,1,1,1,1,1,2,0,0,2,2,2,1,0,2,1,1,1,2,1,0,1,0,0,2,0,1,1
1214500,5/16/2011 14:28,5/16/2011 14:40,1,1,62,NA,1,1,NA,1,1,1,1,2,2,2,1,2,2,2,2,2,0,2,2,1,2,2,1,2,2,1,2,1,2,2
155408,5/16/2011 14:29,5/16/2011 14:40,1,1,90,1,NA,NA,NA,NA,1,NA,NA,0,1,2,0,1,2,0,1,1,0,1,2,2,2,2,1,2,0,0,1,0,0,2
1253799,5/16/2011 14:28,5/16/2011 14:40,1,1,92,1,1,NA,NA,1,NA,NA,NA,2,2,0,0,2,2,2,2,2,1,2,0,0,2,1,0,0,0,0,0,2,2,2
1244096,5/16/2011 14:29,5/16/2011 14:40,1,1,50,1,1,NA,NA,NA,1,1,1,2,2,2,2,2,2,2,2,2,2,2,2,2,2,2,0,2,2,2,2,2,2,2
1266856,5/16/2011 14:19,5/16/2011 14:41,1,1,100,1,1,NA,NA,1,1,NA,NA,2,2,2,2,1,2,1,1,2,2,2,2,0,2,1,0,2,1,1,1,1,2,2
501967,5/16/2011 14:32,5/16/2011 14:42,1,1,100,1,NA,NA,NA,1,1,1,NA,1,2,0,0,2,1,1,1,2,0,0,0,0,2,0,1,0,0,0,1,0,2,1
1249643,5/16/2011 14:26,5/16/2011 14:42,1,1,100,1,1,1,1,NA,NA,NA,NA,0,1,0,1,2,2,2,2,2,0,2,2,1,2,2,1,0,0,1,2,0,1,1
1245667,5/16/2011 14:29,5/16/2011 14:43,1,1,80,1,1,NA,NA,1,NA,NA,NA,0,NA,NA,NA,0,2,NA,2,1,0,NA,NA,NA,NA,NA,NA,NA,NA,NA,NA,0,1,NA
642377,5/16/2011 14:34,5/16/2011 14:43,1,1,70,1,NA,NA,1,NA,NA,NA,NA,1,0,0,0,1,1,1,2,1,1,0,1,0,1,0,2,1,1,0,0,0,0,1
1241387,5/16/2011 14:29,5/16/2011 14:43,1,1,100,NA,1,1,NA,1,1,1,NA,2,1,0,0,2,2,2,2,2,1,1,0,1,2,0,0,2,0,0,0,0,1,1
361742,5/16/2011 14:30,5/16/2011 14:44,1,1,100,1,1,1,NA,1,NA,NA,NA,2,2,0,1,2,2,2,2,2,2,2,2,0,2,0,0,0,1,1,2,1,2,0
1631095,5/16/2011 14:32,5/16/2011 14:44,1,1,100,1,1,1,NA,1,1,NA,1,NA,NA,NA,NA,NA,NA,NA,NA,NA,NA,NA,NA,NA,NA,NA,NA,NA,NA,NA,NA,NA,NA,NA
921880,5/16/2011 14:30,5/16/2011 14:45,1,1,91,1,1,1,1,NA,NA,1,1,2,1,0,0,2,2,2,2,2,2,1,1,0,2,0,1,0,0,0,0,0,2,0
1248667,5/16/2011 14:35,5/16/2011 14:46,1,1,100,NA,1,1,NA,1,1,NA,NA,2,2,2,2,2,2,2,2,2,2,2,2,2,2,2,0,2,2,2,2,2,2,2
1271555,5/16/2011 14:24,5/16/2011 14:46,1,1,100,NA,1,1,NA,NA,1,NA,NA,1,2,0,2,0,1,1,1,0,0,2,2,2,1,0,0,1,2,1,2,0,1,1
280157,5/16/2011 13:57,5/16/2011 14:48,1,1,89,1,1,1,NA,NA,NA,NA,1,1,0,0,0,2,1,0,1,1,1,1,1,1,2,0,2,0,1,0,1,1,0,1
861784,5/16/2011 14:38,5/16/2011 14:48,1,1,100,1,1,1,NA,1,1,1,1,1,0,2,1,2,2,0,0,0,1,1,0,1,2,2,0,1,1,0,2,1,2,2
993938,5/16/2011 14:38,5/16/2011 14:48,1,1,100,1,1,NA,NA,NA,NA,NA,NA,1,2,2,2,2,1,1,1,1,1,2,0,2,1,2,1,2,2,2,2,0,2,2
627092,5/16/2011 14:36,5/16/2011 14:48,1,1,50,1,NA,NA,NA,1,1,1,1,1,1,0,0,2,0,1,1,2,1,1,0,1,1,0,1,1,2,2,1,0,1,0
1247577,5/16/2011 14:41,5/16/2011 14:49,1,1,100,1,1,NA,NA,1,NA,NA,NA,2,1,2,1,2,2,2,2,1,2,2,1,1,2,0,2,2,1,1,2,1,1,0
342081,5/16/2011 14:40,5/16/2011 14:50,1,1,100,1,1,1,NA,NA,1,1,1,NA,NA,NA,NA,NA,NA,NA,NA,NA,NA,NA,NA,NA,NA,NA,NA,NA,NA,NA,NA,NA,NA,NA
535416,5/16/2011 14:38,5/16/2011 14:50,1,1,100,1,1,1,NA,NA,NA,1,NA,NA,NA,NA,NA,NA,NA,NA,NA,NA,0,NA,NA,NA,NA,NA,1,NA,NA,NA,NA,1,NA,NA
435944,5/16/2011 14:40,5/16/2011 14:51,1,1,100,1,1,NA,NA,NA,1,NA,NA,2,2,2,1,2,2,2,2,2,1,2,2,1,2,1,0,1,2,2,2,1,2,2
1280850,5/16/2011 14:41,5/16/2011 14:51,1,1,100,1,1,1,NA,NA,NA,NA,NA,2,2,1,0,1,2,NA,1,2,1,NA,NA,1,2,NA,0,NA,0,0,NA,NA,NA,0
1681516,5/16/2011 14:27,5/16/2011 14:52,1,1,100,1,1,1,NA,1,1,NA,1,NA,NA,NA,0,NA,NA,NA,NA,NA,NA,NA,NA,NA,NA,NA,NA,NA,NA,NA,NA,NA,NA,NA
441984,5/16/2011 14:43,5/16/2011 14:52,1,1,100,NA,1,1,NA,NA,1,NA,NA,1,2,1,0,1,2,2,0,0,2,1,0,0,2,2,1,0,0,1,2,1,2,1
1253497,5/16/2011 14:43,5/16/2011 14:54,1,1,90,NA,1,1,1,1,NA,NA,NA,NA,NA,0,0,2,2,NA,NA,NA,NA,NA,0,NA,NA,NA,NA,1,NA,1,0,NA,NA,NA
1089727,5/16/2011 14:46,5/16/2011 14:55,1,1,90,1,NA,NA,NA,NA,NA,NA,NA,1,0,0,1,1,2,1,2,2,2,2,1,1,2,0,1,0,0,0,0,0,0,0
1116690,5/16/2011 14:44,5/16/2011 14:56,1,1,100,1,NA,1,NA,1,1,1,1,2,1,2,1,2,2,2,1,2,2,2,2,1,1,2,0,1,1,1,1,1,1,2
1101670,5/16/2011 14:23,5/16/2011 14:57,1,1,90,1,1,1,1,1,1,NA,NA,1,0,0,0,1,2,1,2,1,2,2,1,0,2,0,0,0,0,1,1,1,1,0
1089920,5/16/2011 14:44,5/16/2011 14:57,1,1,100,NA,1,NA,1,NA,1,NA,1,0,2,0,2,0,2,1,1,1,0,1,1,2,2,2,1,1,1,0,1,0,2,1
501018,5/16/2011 14:47,5/16/2011 14:57,1,1,92,1,1,1,1,NA,NA,NA,NA,2,1,0,0,2,2,1,2,2,2,2,2,1,2,1,2,0,0,0,1,2,1,2
639358,5/16/2011 14:50,5/16/2011 14:59,1,1,100,NA,1,1,NA,NA,NA,NA,NA,2,2,2,2,2,2,2,2,2,2,2,2,2,2,2,0,2,2,2,2,2,2,2
198939,5/16/2011 14:51,5/16/2011 14:59,1,1,100,1,1,1,1,NA,1,NA,NA,1,1,1,0,1,2,1,1,1,1,2,2,0,1,0,0,0,0,0,0,0,1,0
794800,5/16/2011 14:49,5/16/2011 15:00,1,1,90,1,1,NA,NA,NA,NA,NA,1,0,2,1,0,1,0,1,0,0,0,2,1,2,1,1,0,0,1,1,2,1,2,2
566813,5/16/2011 14:50,5/16/2011 15:00,1,1,91,1,1,1,NA,NA,1,NA,NA,1,2,1,1,1,1,0,1,1,0,1,1,1,1,2,0,1,1,1,2,1,2,1
1234377,5/16/2011 14:52,5/16/2011 15:01,1,1,75,1,NA,NA,NA,1,NA,1,NA,2,1,1,1,2,2,0,2,1,0,2,1,0,1,0,1,0,1,1,0,0,2,0
1253978,5/16/2011 14:53,5/16/2011 15:02,1,1,82,1,1,NA,NA,1,1,1,NA,1,2,2,0,2,2,2,1,2,1,1,1,0,2,0,2,0,0,0,2,1,2,2
1693278,5/16/2011 14:50,5/16/2011 15:03,1,1,100,1,1,1,1,NA,1,NA,1,2,0,0,2,0,2,2,2,0,0,2,0,1,2,1,1,2,1,2,2,2,1,1
1240724,5/16/2011 14:47,5/16/2011 15:03,1,1,100,1,1,1,NA,1,1,1,1,1,1,1,1,1,1,1,2,2,1,1,1,1,2,1,0,1,1,1,1,1,1,1
1243966,5/16/2011 14:44,5/16/2011 15:03,1,1,50,1,1,1,NA,NA,1,NA,NA,NA,NA,NA,NA,NA,NA,NA,NA,NA,NA,NA,NA,NA,NA,NA,NA,NA,NA,NA,NA,NA,NA,NA
34983,5/16/2011 14:51,5/16/2011 15:04,1,1,90,1,1,NA,NA,NA,NA,1,1,1,1,0,0,2,2,2,2,2,2,0,0,1,2,1,1,0,0,0,1,0,1,2
1646543,5/16/2011 14:44,5/16/2011 15:04,1,1,100,1,NA,1,NA,1,1,1,1,1,1,0,0,1,2,2,1,2,2,0,2,0,2,1,2,0,0,1,1,1,1,1
1273156,5/16/2011 14:57,5/16/2011 15:05,1,1,52,1,NA,1,NA,1,NA,NA,NA,NA,NA,NA,1,NA,NA,NA,NA,NA,NA,0,0,NA,NA,0,NA,0,0,0,1,NA,NA,1
1236166,5/16/2011 14:26,5/16/2011 15:05,1,1,100,1,NA,1,NA,1,1,1,NA,1,2,0,0,1,1,0,1,1,2,0,0,0,2,0,2,1,1,0,1,0,2,0
448827,5/16/2011 14:51,5/16/2011 15:05,1,1,100,1,1,NA,1,1,1,NA,NA,2,0,1,0,1,2,1,2,2,2,2,0,2,2,1,1,2,0,0,0,1,1,0
8893,5/16/2011 14:56,5/16/2011 15:06,1,1,91,1,1,NA,NA,NA,NA,NA,NA,0,2,0,1,0,1,0,1,0,0,1,1,1,2,0,2,2,0,2,2,2,2,0
1266493,5/16/2011 14:58,5/16/2011 15:08,1,1,100,1,NA,NA,NA,NA,1,1,NA,NA,NA,0,0,NA,NA,NA,NA,NA,NA,NA,NA,NA,NA,NA,NA,NA,NA,0,NA,NA,NA,0
1094331,5/16/2011 15:02,5/16/2011 15:11,1,1,50,1,1,1,NA,NA,NA,NA,NA,0,2,1,1,1,2,0,0,1,1,0,0,2,2,1,2,1,1,1,2,0,2,1
691103,5/16/2011 14:56,5/16/2011 15:11,1,1,95,1,1,NA,NA,NA,NA,1,NA,1,1,1,1,1,1,2,1,1,1,0,0,0,0,1,2,1,1,0,0,0,0,1
587699,5/16/2011 14:54,5/16/2011 15:11,1,1,100,1,1,NA,NA,NA,1,1,NA,1,NA,NA,NA,NA,NA,NA,1,1,NA,NA,NA,NA,NA,NA,0,NA,NA,NA,NA,1,NA,NA
1279142,5/16/2011 14:58,5/16/2011 15:13,1,1,100,1,1,1,1,1,NA,1,1,2,1,2,2,2,2,2,2,2,2,2,2,1,2,1,0,2,2,2,2,1,1,0
1264704,5/16/2011 15:07,5/16/2011 15:14,1,1,100,1,NA,NA,NA,NA,NA,NA,NA,2,0,0,0,0,0,1,0,1,0,0,1,0,0,0,1,0,0,0,0,1,1,0
1244119,5/16/2011 14:47,5/16/2011 15:15,1,1,100,1,1,1,NA,1,NA,NA,NA,1,0,0,0,2,2,2,2,2,2,2,2,2,2,0,1,0,0,0,1,0,1,0
593335,5/16/2011 15:05,5/16/2011 15:15,1,1,100,NA,1,NA,NA,1,NA,1,NA,NA,NA,NA,0,NA,NA,NA,NA,NA,NA,NA,NA,NA,NA,NA,NA,NA,NA,NA,NA,NA,NA,NA
1207727,5/16/2011 14:52,5/16/2011 15:15,1,1,97,1,1,1,NA,1,1,1,1,2,2,1,0,2,2,0,2,2,2,1,1,2,2,1,2,1,1,1,1,0,1,2
831356,5/16/2011 15:04,5/16/2011 15:15,1,1,100,1,1,1,NA,1,NA,NA,NA,2,2,1,0,2,2,2,2,2,2,1,2,1,2,0,1,0,2,1,0,1,1,2
1280978,5/16/2011 15:01,5/16/2011 15:16,1,1,92,NA,1,1,NA,NA,1,NA,NA,2,1,0,0,2,1,2,2,2,2,1,1,0,2,0,1,0,0,0,0,1,1,0
671928,5/16/2011 15:06,5/16/2011 15:17,1,1,100,1,1,1,NA,1,NA,1,NA,NA,NA,0,0,1,1,1,1,NA,0,NA,NA,NA,NA,NA,NA,NA,0,NA,0,0,NA,NA
1668509,5/16/2011 15:06,5/16/2011 15:17,1,1,100,1,1,1,NA,1,1,1,1,2,1,1,0,0,1,1,2,1,1,1,0,0,2,1,1,0,0,0,1,1,1,0
1285002,5/16/2011 15:06,5/16/2011 15:17,1,1,85,1,NA,NA,NA,NA,1,NA,1,2,2,1,0,0,0,2,2,1,1,1,1,1,2,0,2,2,1,2,2,0,2,0
1233484,5/16/2011 15:06,5/16/2011 15:18,1,1,100,1,NA,NA,NA,NA,1,NA,NA,2,2,0,1,0,2,2,2,2,1,2,1,1,2,0,2,2,0,0,2,2,2,0
1252814,5/16/2011 15:05,5/16/2011 15:18,1,1,100,1,NA,NA,1,1,NA,1,1,NA,NA,0,NA,NA,NA,NA,NA,NA,NA,NA,NA,NA,NA,NA,NA,0,NA,NA,NA,0,NA,NA
826463,5/16/2011 15:08,5/16/2011 15:18,1,1,5,1,NA,1,NA,1,1,NA,NA,1,0,0,0,1,1,1,2,1,1,1,1,0,2,0,1,0,0,1,1,1,0,2
1280438,5/16/2011 15:04,5/16/2011 15:19,1,1,100,1,1,1,NA,1,NA,1,1,2,1,1,0,2,2,1,2,2,2,1,2,1,2,1,1,1,1,0,1,1,1,2
1263334,5/16/2011 15:08,5/16/2011 15:19,1,1,100,1,1,1,1,1,1,NA,NA,2,2,0,0,2,2,0,2,2,NA,1,NA,0,NA,0,NA,NA,1,0,NA,1,NA,0
782477,5/16/2011 15:01,5/16/2011 15:19,1,1,97,1,1,1,1,1,1,1,1,0,1,0,0,0,1,1,2,2,0,1,0,1,1,0,1,2,0,0,1,1,1,0
1214390,5/16/2011 15:07,5/16/2011 15:21,1,1,100,1,NA,NA,NA,NA,NA,1,NA,2,2,0,0,2,2,2,2,2,2,2,2,2,2,1,0,1,1,1,2,2,1,2
1278098,5/16/2011 15:11,5/16/2011 15:22,1,1,91,1,NA,NA,NA,NA,1,1,1,1,1,2,1,2,2,0,2,2,2,1,1,0,2,2,0,1,1,0,0,0,2,0
816779,5/16/2011 15:15,5/16/2011 15:23,1,1,92,1,1,1,NA,NA,1,1,NA,0,2,0,1,NA,1,NA,2,0,NA,1,0,1,NA,1,1,2,1,NA,NA,0,2,NA
232385,5/16/2011 15:05,5/16/2011 15:24,1,1,100,1,1,NA,1,NA,1,NA,NA,0,1,0,0,2,2,1,2,1,1,0,0,0,1,0,1,0,0,1,1,0,1,0
1236294,5/16/2011 15:09,5/16/2011 15:25,1,1,50,1,NA,NA,1,NA,1,1,NA,2,1,0,0,2,2,0,0,2,1,1,0,2,2,0,1,0,0,0,1,1,1,1
1300057,5/16/2011 15:13,5/16/2011 15:28,1,1,50,NA,1,NA,NA,1,1,NA,1,0,1,1,1,0,2,0,1,0,0,0,0,1,0,1,1,2,2,1,1,0,1,1
1096635,5/16/2011 15:20,5/16/2011 15:28,1,1,100,1,1,NA,NA,NA,NA,NA,NA,2,2,2,2,2,2,2,2,2,0,2,2,2,2,2,0,1,2,2,2,2,2,2
720783,5/16/2011 15:18,5/16/2011 15:29,1,1,86,NA,1,1,NA,1,NA,NA,NA,NA,1,1,0,NA,1,1,2,NA,1,2,NA,0,0,NA,0,NA,0,NA,NA,NA,NA,NA
609905,5/16/2011 14:29,5/16/2011 15:29,1,1,80,1,1,1,1,1,1,1,1,1,1,0,0,1,2,1,1,0,0,1,0,0,1,0,1,0,0,0,1,0,1,0
1236208,5/16/2011 15:21,5/16/2011 15:29,1,1,76,NA,NA,1,NA,1,1,1,1,2,2,1,0,1,2,1,1,2,2,1,1,1,1,0,2,0,1,0,0,0,0,1
1371559,5/16/2011 15:17,5/16/2011 15:30,1,1,90,1,1,NA,NA,NA,NA,1,NA,1,1,1,0,1,2,0,2,1,0,0,0,1,2,0,1,0,1,0,0,1,1,1
1272850,5/16/2011 15:21,5/16/2011 15:34,1,1,100,NA,NA,1,1,NA,1,1,NA,2,0,0,1,1,2,2,2,2,0,1,0,0,2,0,2,2,2,1,2,1,2,1
646819,5/16/2011 15:24,5/16/2011 15:34,1,1,100,1,1,1,1,NA,1,NA,1,2,2,0,0,2,2,2,2,0,2,1,0,0,2,0,1,0,0,1,1,2,2,0
820578,5/16/2011 15:19,5/16/2011 15:34,1,1,100,NA,1,1,NA,1,1,1,1,0,2,0,0,1,2,1,1,2,1,2,1,1,1,1,0,1,1,1,2,1,2,1
883015,5/16/2011 15:26,5/16/2011 15:35,1,1,95,NA,1,1,1,1,1,1,1,NA,NA,1,1,NA,NA,NA,NA,NA,NA,0,1,0,NA,0,0,1,0,1,2,0,NA,0
1690396,5/16/2011 15:25,5/16/2011 15:36,1,1,75,1,1,NA,NA,NA,NA,NA,NA,0,0,1,0,1,1,0,0,0,1,1,0,0,0,1,0,0,1,1,1,0,1,0
1238699,5/16/2011 15:21,5/16/2011 15:36,1,1,100,1,1,1,NA,NA,NA,NA,NA,1,2,0,0,2,2,2,2,1,2,0,0,1,2,0,1,1,0,0,1,0,2,1
130309,5/16/2011 15:19,5/16/2011 15:37,1,1,100,NA,1,1,NA,1,1,NA,NA,2,2,1,1,2,2,2,2,2,1,2,1,2,2,2,0,2,2,1,2,2,2,2
657944,5/16/2011 15:28,5/16/2011 15:38,1,1,100,1,1,NA,NA,1,1,NA,NA,0,0,1,0,2,2,1,1,0,2,2,2,1,2,0,2,1,1,1,0,0,0,0
1252803,5/16/2011 15:31,5/16/2011 15:38,1,1,50,1,NA,1,1,NA,NA,NA,NA,1,0,0,0,1,2,1,2,2,2,2,2,2,2,1,2,2,1,0,1,1,1,2
985887,5/16/2011 15:28,5/16/2011 15:40,1,1,71,1,NA,1,NA,1,1,NA,NA,NA,NA,NA,0,NA,NA,NA,NA,NA,NA,NA,1,1,NA,1,NA,0,0,1,NA,NA,NA,NA
541733,5/16/2011 15:30,5/16/2011 15:40,1,1,85,1,NA,NA,NA,1,1,1,1,1,0,0,0,2,0,1,2,1,1,0,1,0,2,0,1,0,0,0,1,2,2,0
1259581,5/16/2011 15:19,5/16/2011 15:41,1,1,100,NA,1,1,NA,NA,NA,NA,NA,2,2,1,0,2,2,1,2,1,2,1,1,1,2,1,2,0,0,0,2,2,2,1
1053034,5/16/2011 15:20,5/16/2011 15:42,1,1,100,1,1,NA,NA,NA,1,1,1,2,2,1,1,2,2,2,2,2,2,2,2,2,2,2,0,2,1,2,2,1,2,2
579691,5/16/2011 15:29,5/16/2011 15:42,1,1,90,NA,1,1,1,NA,NA,NA,NA,NA,NA,NA,0,NA,NA,NA,NA,NA,NA,NA,1,1,NA,1,NA,NA,0,0,NA,NA,2,0
115556,5/16/2011 15:24,5/16/2011 15:42,1,1,100,1,1,1,1,NA,NA,NA,NA,2,2,0,1,2,2,2,2,2,2,1,0,0,2,1,2,2,0,1,1,2,1,0
913373,5/16/2011 15:32,5/16/2011 15:43,1,1,100,1,1,NA,NA,1,NA,1,1,0,1,1,0,0,0,2,0,2,0,2,2,1,0,1,0,0,0,1,1,1,1,1
544463,5/16/2011 15:26,5/16/2011 15:44,1,1,100,1,NA,NA,NA,NA,1,1,1,2,2,2,2,2,2,2,2,2,1,2,2,2,2,2,0,2,2,2,2,1,2,2
100097,5/16/2011 15:31,5/16/2011 15:46,1,1,95,1,1,NA,NA,1,NA,NA,NA,1,0,1,2,1,0,2,1,1,0,2,2,0,1,1,0,0,0,0,0,1,0,0
995201,5/16/2011 15:37,5/16/2011 15:46,1,1,100,1,NA,NA,1,NA,NA,1,NA,1,1,0,0,2,1,1,1,0,1,0,1,1,2,1,1,1,0,0,2,0,2,0
1256263,5/16/2011 15:34,5/16/2011 15:47,1,1,100,1,1,NA,NA,NA,1,NA,NA,0,2,0,1,0,2,1,1,2,1,1,1,2,2,2,1,1,0,1,2,0,2,2
367928,5/16/2011 15:33,5/16/2011 15:49,1,1,100,1,1,NA,NA,NA,1,NA,NA,0,1,1,0,2,2,1,2,2,2,0,0,0,2,0,1,1,0,0,2,0,1,0
1274272,5/16/2011 15:36,5/16/2011 15:50,1,1,100,1,1,1,1,1,1,1,1,2,2,2,0,2,2,2,2,2,1,2,2,1,2,1,1,0,1,1,2,1,2,1
1087852,5/16/2011 15:41,5/16/2011 15:50,1,1,99,1,1,NA,NA,NA,1,NA,1,0,2,0,0,2,2,2,2,1,2,2,2,2,2,0,0,0,0,0,1,1,2,1
602529,5/16/2011 15:39,5/16/2011 15:51,1,1,80,1,1,1,1,NA,1,1,1,2,0,0,0,2,2,2,2,1,2,1,1,2,2,0,2,1,1,0,0,2,1,0
1237323,5/16/2011 15:43,5/16/2011 15:53,1,1,85,1,1,NA,NA,NA,1,NA,1,1,2,2,0,2,2,2,2,2,2,2,1,2,2,0,1,2,0,0,2,0,2,2
1276400,5/16/2011 15:39,5/16/2011 15:53,1,1,100,1,1,NA,NA,1,1,1,1,NA,NA,0,NA,NA,NA,0,NA,NA,NA,0,NA,NA,NA,NA,0,NA,NA,NA,NA,NA,NA,NA
1233179,5/16/2011 15:39,5/16/2011 15:53,1,1,90,NA,1,NA,NA,NA,1,NA,NA,1,1,0,0,1,1,1,2,2,1,2,0,1,2,0,2,0,0,0,0,0,0,0
614117,5/16/2011 15:40,5/16/2011 15:53,1,1,30,NA,1,1,1,1,NA,1,NA,1,2,0,0,2,2,1,1,1,1,0,0,2,1,1,2,2,0,0,2,1,2,1
75800,5/16/2011 15:38,5/16/2011 15:55,1,1,90,1,1,1,NA,NA,NA,NA,NA,0,2,1,1,1,1,1,1,0,0,1,0,2,2,0,2,2,0,0,1,0,1,0
627208,5/16/2011 15:43,5/16/2011 15:56,1,1,100,NA,1,1,NA,NA,NA,NA,NA,1,2,0,0,2,2,2,2,1,2,0,1,0,2,0,2,1,0,0,2,2,2,1
1675530,5/16/2011 15:51,5/16/2011 15:58,1,1,91,1,1,1,1,1,NA,1,1,0,0,0,0,1,1,2,1,0,1,1,1,0,0,0,1,0,0,0,2,1,1,0
1676788,5/16/2011 15:52,5/16/2011 16:01,1,1,100,1,NA,1,1,NA,1,NA,NA,2,2,0,1,2,2,1,2,2,1,1,2,1,1,0,1,2,1,0,2,1,2,2
1252395,5/16/2011 15:54,5/16/2011 16:02,1,1,95,1,NA,NA,1,NA,1,NA,NA,1,0,0,0,1,1,1,1,2,1,0,1,0,2,0,1,0,0,0,0,1,0,1
1110964,5/16/2011 15:02,5/16/2011 16:04,1,1,100,1,NA,1,NA,NA,NA,NA,NA,0,1,0,1,2,2,0,1,2,1,1,0,1,2,0,1,2,0,1,1,0,0,2
1621834,5/16/2011 15:58,5/16/2011 16:04,1,1,100,NA,1,1,NA,NA,NA,NA,NA,NA,NA,0,0,NA,NA,NA,NA,0,NA,0,NA,NA,NA,NA,NA,NA,NA,0,NA,0,NA,NA
40469,5/16/2011 15:48,5/16/2011 16:04,1,1,100,NA,1,1,NA,NA,1,NA,NA,1,2,2,0,2,1,2,1,1,1,1,1,0,1,1,1,0,0,1,2,0,2,2
201798,5/16/2011 15:45,5/16/2011 16:05,1,1,100,1,1,1,NA,1,1,NA,1,2,1,2,1,2,2,2,2,2,1,2,1,2,2,1,0,1,1,1,1,0,1,1
1243458,5/16/2011 15:53,5/16/2011 16:07,1,1,100,1,1,1,NA,1,NA,1,NA,1,1,0,0,1,1,1,1,1,1,0,0,0,1,0,1,1,0,0,1,0,1,1
1206812,5/16/2011 15:53,5/16/2011 16:08,1,1,100,1,1,1,NA,NA,1,NA,NA,2,1,1,1,2,2,2,2,2,2,2,2,2,2,0,2,2,0,0,0,2,2,1
1271667,5/16/2011 15:59,5/16/2011 16:09,1,1,100,1,1,NA,NA,1,1,1,1,1,0,0,1,0,2,2,2,1,0,1,2,0,0,0,2,2,0,0,0,1,0,0
668870,5/16/2011 15:58,5/16/2011 16:10,1,1,100,1,NA,NA,NA,NA,1,NA,NA,2,1,0,0,1,2,2,2,0,2,2,2,1,2,1,1,0,0,1,1,1,1,0
1003152,5/16/2011 15:59,5/16/2011 16:10,1,1,92,1,NA,NA,NA,NA,NA,NA,NA,2,2,0,0,1,2,1,1,2,2,2,1,1,2,2,2,0,0,0,1,1,1,2
675138,5/16/2011 16:03,5/16/2011 16:11,1,1,81,NA,NA,NA,NA,NA,NA,NA,1,0,0,0,1,0,2,0,1,0,1,0,1,2,1,0,1,2,1,0,1,1,2,1
656029,5/16/2011 15:57,5/16/2011 16:13,1,1,91,1,1,1,1,NA,NA,1,NA,2,2,1,0,1,1,1,1,0,0,1,0,0,1,0,0,1,0,0,NA,0,2,1
1220761,5/16/2011 16:04,5/16/2011 16:14,1,1,100,1,1,NA,NA,1,1,1,NA,1,2,2,1,2,2,1,2,1,2,2,2,1,2,1,2,1,1,1,2,0,2,2
529628,5/16/2011 16:09,5/16/2011 16:15,1,1,100,1,1,1,NA,1,NA,NA,NA,2,2,1,2,2,2,2,2,2,1,2,2,0,2,0,2,0,0,0,2,1,2,2
1097546,5/16/2011 16:06,5/16/2011 16:16,1,1,91,NA,1,1,NA,NA,NA,1,NA,1,1,2,1,2,2,1,2,1,0,0,0,1,2,0,1,1,1,1,0,1,0,1
605002,5/16/2011 15:37,5/16/2011 16:20,1,1,100,1,1,1,1,1,1,1,1,1,1,1,1,1,1,1,1,1,1,1,1,1,1,1,0,1,1,1,1,1,1,1
588137,5/16/2011 16:11,5/16/2011 16:21,1,1,100,1,NA,NA,NA,NA,1,1,1,2,2,2,1,1,2,1,2,2,2,2,2,2,2,2,0,2,2,2,2,1,2,2
1234113,5/16/2011 16:13,5/16/2011 16:22,1,1,100,NA,1,1,NA,1,1,NA,NA,1,2,1,2,2,NA,NA,NA,NA,NA,NA,1,NA,NA,NA,NA,NA,NA,NA,NA,1,NA,NA
1091488,5/16/2011 16:15,5/16/2011 16:24,1,1,100,1,1,1,1,NA,NA,NA,NA,2,2,1,2,2,2,2,2,2,2,2,2,0,2,1,2,0,1,0,1,1,2,1
473223,5/16/2011 16:13,5/16/2011 16:24,1,1,100,NA,1,1,NA,1,1,NA,NA,0,2,2,2,2,1,2,0,1,2,1,0,0,2,2,0,0,2,2,2,1,2,1
555173,5/16/2011 16:08,5/16/2011 16:26,1,1,100,1,1,1,NA,NA,1,1,1,2,2,1,1,1,2,1,2,2,1,2,0,1,2,1,1,2,0,0,2,0,2,2
1084779,5/16/2011 16:18,5/16/2011 16:27,1,1,85,1,NA,1,1,NA,1,NA,NA,2,1,0,0,2,2,1,2,2,1,1,0,0,2,1,0,0,0,0,2,1,2,1
1616858,5/16/2011 16:15,5/16/2011 16:27,1,1,100,1,1,1,NA,1,NA,1,NA,1,2,2,2,2,1,1,2,1,1,2,2,2,2,2,0,2,2,2,2,1,2,2
1267156,5/16/2011 16:15,5/16/2011 16:29,1,1,93,NA,1,1,NA,NA,NA,NA,NA,1,1,0,0,0,NA,NA,NA,1,1,NA,NA,1,NA,1,1,NA,NA,0,0,NA,1,1
1265111,5/16/2011 16:22,5/16/2011 16:31,1,1,100,1,NA,NA,NA,1,1,NA,NA,1,1,0,1,1,2,1,2,2,0,1,2,2,2,2,1,1,0,0,1,0,1,2
246961,5/16/2011 16:23,5/16/2011 16:31,1,1,90,1,1,NA,NA,NA,NA,NA,NA,2,2,2,2,1,1,2,2,1,1,2,2,1,2,0,1,1,0,0,0,0,0,0
1178882,5/16/2011 16:17,5/16/2011 16:31,1,1,99,1,1,1,NA,1,NA,1,1,0,0,0,0,1,1,1,2,1,1,2,0,0,1,1,1,1,1,0,0,1,1,1
108210,5/16/2011 16:09,5/16/2011 16:31,1,1,100,NA,1,NA,NA,NA,NA,NA,NA,1,2,0,0,0,2,1,0,2,0,0,1,0,2,1,1,0,0,2,2,1,2,1
1248461,5/16/2011 16:23,5/16/2011 16:33,1,1,100,1,1,1,1,1,1,1,1,1,0,0,0,2,1,2,2,1,0,0,0,0,2,0,0,0,0,1,0,1,1,0
1237166,5/16/2011 16:06,5/16/2011 16:33,1,1,100,1,1,1,NA,NA,NA,1,NA,0,0,1,0,1,2,1,2,1,0,1,0,0,2,0,0,1,0,0,0,0,0,0
1619955,5/16/2011 16:24,5/16/2011 16:35,1,1,100,1,NA,1,NA,NA,1,1,1,NA,NA,NA,NA,NA,NA,NA,NA,NA,NA,NA,NA,NA,NA,NA,0,NA,NA,NA,NA,NA,NA,NA
988451,5/16/2011 16:25,5/16/2011 16:37,1,1,40,1,1,1,NA,NA,NA,NA,NA,1,2,0,1,0,1,1,2,1,0,1,0,2,1,2,0,0,0,0,2,0,2,2
1261272,5/16/2011 16:24,5/16/2011 16:39,1,1,50,1,NA,NA,NA,1,1,NA,NA,0,1,2,0,2,2,0,1,2,0,1,1,1,1,2,0,1,0,0,1,0,1,2
1250659,5/16/2011 14:22,5/16/2011 16:40,1,1,82,1,1,NA,NA,1,NA,1,NA,1,0,0,0,0,1,1,2,2,0,2,2,0,2,0,1,1,1,2,2,0,1,0
1087541,5/16/2011 16:25,5/16/2011 16:41,1,1,100,1,1,NA,NA,1,NA,1,1,1,2,2,2,2,2,2,2,2,2,2,2,2,2,2,0,2,2,2,2,1,2,2
85723,5/16/2011 16:26,5/16/2011 16:41,1,1,92,1,1,1,NA,1,1,1,NA,1,2,1,0,1,1,1,2,0,0,1,1,0,0,0,1,0,0,0,2,1,2,1
1262345,5/16/2011 16:31,5/16/2011 16:44,1,1,100,1,1,1,1,NA,1,NA,NA,NA,NA,0,1,NA,NA,NA,NA,NA,NA,NA,NA,NA,NA,0,1,NA,1,1,NA,NA,NA,0
1601577,5/16/2011 16:34,5/16/2011 16:47,1,1,97,1,1,NA,NA,NA,NA,1,NA,NA,NA,1,0,NA,2,NA,NA,NA,NA,1,0,2,NA,1,NA,NA,NA,0,NA,NA,NA,0
1670011,5/16/2011 16:40,5/16/2011 16:50,1,1,95,1,1,NA,1,NA,1,1,1,2,2,0,1,2,2,1,2,2,1,1,1,0,2,0,2,0,0,0,1,0,2,2
1239706,5/16/2011 16:39,5/16/2011 16:50,1,1,81,1,1,1,NA,NA,1,NA,NA,2,2,1,0,2,2,2,2,2,1,1,1,1,2,1,0,2,0,0,1,0,2,1
376605,5/16/2011 16:39,5/16/2011 16:51,1,1,100,1,1,1,NA,1,1,1,1,1,2,1,0,2,1,1,1,2,2,1,0,2,2,0,1,2,1,0,2,0,2,2
1100437,5/16/2011 16:35,5/16/2011 16:51,1,1,33,1,1,1,1,1,NA,1,NA,2,2,0,0,2,2,2,2,2,2,2,1,2,0,1,2,2,1,1,2,1,2,2
1236306,5/16/2011 16:19,5/16/2011 16:51,1,1,100,1,1,1,1,1,1,1,1,0,NA,0,NA,0,NA,0,NA,2,1,NA,0,1,NA,0,NA,NA,0,NA,NA,NA,NA,NA
206153,5/16/2011 16:40,5/16/2011 16:52,1,1,100,1,1,1,NA,NA,NA,NA,NA,NA,NA,NA,NA,NA,NA,NA,NA,NA,NA,NA,NA,NA,NA,NA,NA,NA,NA,NA,NA,NA,NA,NA
1232219,5/16/2011 16:37,5/16/2011 16:53,1,1,75,1,1,NA,NA,NA,1,1,NA,1,2,1,0,1,2,2,1,2,1,1,1,2,2,1,2,1,1,0,1,0,2,2
1097995,5/16/2011 16:36,5/16/2011 16:53,1,1,91,1,1,1,1,NA,NA,NA,NA,NA,NA,0,0,NA,NA,NA,NA,NA,1,NA,NA,1,NA,0,2,1,0,NA,1,NA,NA,1
1621679,5/16/2011 16:37,5/16/2011 16:54,1,1,81,1,1,1,1,1,NA,1,NA,1,1,1,1,2,2,2,1,0,2,0,0,1,2,1,0,0,1,1,1,0,1,0
374009,5/16/2011 16:13,5/16/2011 16:54,1,1,100,1,NA,NA,NA,NA,1,1,NA,2,2,0,0,2,1,2,0,1,0,1,0,1,2,1,0,0,0,0,1,1,0,2
480859,5/16/2011 16:43,5/16/2011 16:55,1,1,71,NA,1,1,NA,NA,NA,NA,NA,1,1,0,1,1,2,1,2,1,1,1,2,2,2,0,2,1,0,0,0,0,0,0
1267714,5/16/2011 16:36,5/16/2011 16:56,1,1,99,1,1,1,NA,1,1,1,1,2,NA,0,0,2,2,1,NA,2,2,NA,NA,1,NA,1,NA,1,NA,1,NA,NA,2,0
1259821,5/16/2011 16:41,5/16/2011 16:56,1,1,93,1,1,1,1,1,1,NA,NA,1,1,0,0,2,2,2,2,2,2,1,2,0,2,1,1,1,1,1,1,1,2,2
1235888,5/16/2011 16:48,5/16/2011 16:59,1,1,100,1,NA,1,NA,1,NA,NA,NA,0,2,0,0,2,2,1,0,0,2,0,1,0,2,0,0,2,2,0,2,1,2,1
631272,5/16/2011 16:54,5/16/2011 17:03,1,1,76,1,1,NA,1,NA,NA,NA,NA,1,2,2,1,0,2,0,1,1,2,1,1,2,2,0,2,1,1,0,0,0,1,2
898476,5/16/2011 16:49,5/16/2011 17:03,1,1,100,1,NA,NA,NA,NA,1,1,1,1,1,0,0,2,2,2,2,1,1,2,1,0,2,0,0,2,1,1,1,0,2,1
1122700,5/16/2011 16:41,5/16/2011 17:03,1,1,99,1,1,NA,NA,1,1,NA,NA,1,2,0,0,1,2,2,2,1,2,1,1,0,2,1,2,0,0,0,0,2,2,1
1621679,5/16/2011 16:54,5/16/2011 17:04,1,1,79,1,1,1,1,1,NA,1,NA,1,1,1,1,2,2,2,2,0,1,0,0,0,2,1,0,0,1,1,1,0,0,0
686187,5/16/2011 16:48,5/16/2011 17:04,1,1,100,1,1,1,NA,NA,1,1,NA,1,1,0,0,1,1,2,0,2,0,2,2,0,2,0,1,1,1,2,2,1,1,0
1248805,5/16/2011 16:53,5/16/2011 17:08,1,1,100,1,1,1,NA,1,NA,1,NA,0,1,0,0,2,2,2,2,2,1,1,1,0,2,0,1,0,0,0,0,1,1,1
1243602,5/16/2011 16:59,5/16/2011 17:08,1,1,50,1,1,NA,NA,1,NA,NA,NA,1,1,1,0,2,2,2,2,2,1,0,1,1,1,1,2,1,2,0,1,1,1,0
605883,5/16/2011 17:06,5/16/2011 17:17,1,1,100,1,1,1,1,1,1,NA,1,1,2,2,2,0,1,1,1,2,1,0,0,1,1,2,1,1,2,0,2,0,2,2
1037229,5/16/2011 17:02,5/16/2011 17:17,1,1,50,NA,1,NA,NA,NA,NA,NA,NA,NA,NA,NA,NA,NA,NA,NA,NA,NA,NA,NA,0,0,NA,0,NA,NA,0,0,NA,0,NA,0
610274,5/16/2011 17:11,5/16/2011 17:23,1,1,100,1,NA,NA,1,1,NA,NA,NA,1,2,0,0,1,2,2,1,2,1,0,1,0,1,0,2,0,0,1,2,2,2,2
1269198,5/16/2011 17:11,5/16/2011 17:23,1,1,100,1,1,1,NA,1,1,1,1,NA,2,NA,1,NA,NA,NA,NA,NA,NA,NA,NA,2,NA,NA,0,NA,1,2,NA,0,NA,NA
995568,5/16/2011 17:18,5/16/2011 17:32,1,1,100,1,NA,NA,NA,NA,NA,1,NA,0,0,0,0,1,0,1,0,0,0,1,0,0,0,0,1,0,0,0,0,1,0,0
1210923,5/16/2011 17:20,5/16/2011 17:33,1,1,100,1,1,1,NA,NA,1,NA,NA,1,2,1,2,1,2,1,2,1,0,2,2,1,2,2,1,2,2,2,2,0,0,2
565610,5/16/2011 17:23,5/16/2011 17:33,1,1,58,1,1,1,NA,NA,NA,1,NA,NA,NA,NA,0,NA,NA,NA,NA,NA,NA,NA,0,NA,NA,0,NA,NA,0,NA,NA,0,NA,NA
696956,5/16/2011 17:21,5/16/2011 17:33,1,1,100,1,1,1,NA,NA,1,NA,NA,1,0,0,0,2,2,2,2,1,1,0,0,0,1,0,1,0,0,0,0,0,0,0
917244,5/16/2011 17:22,5/16/2011 17:36,1,1,100,1,1,NA,NA,NA,1,NA,NA,2,2,2,2,1,2,2,2,2,1,2,2,2,1,2,0,2,2,2,2,2,2,2
1203725,5/16/2011 17:16,5/16/2011 17:36,1,1,100,1,NA,NA,NA,1,1,NA,NA,0,1,1,0,0,1,1,1,1,0,1,1,1,0,0,0,0,0,0,1,0,1,1
1264124,5/16/2011 17:22,5/16/2011 17:37,1,1,100,1,1,1,1,1,1,1,1,1,0,0,0,1,2,1,2,2,0,1,0,0,2,0,2,2,2,1,1,0,2,0
1677179,5/16/2011 17:10,5/16/2011 17:37,1,1,100,1,1,1,NA,1,1,1,NA,1,2,1,1,0,2,0,0,0,0,0,0,0,0,1,0,0,0,1,0,0,2,0
1276660,5/16/2011 17:23,5/16/2011 17:37,1,1,100,1,NA,NA,NA,1,NA,1,NA,1,2,0,1,1,1,1,1,1,0,1,1,1,1,0,1,1,1,0,2,1,1,0
629162,5/16/2011 17:28,5/16/2011 17:39,1,1,91,1,1,1,NA,NA,1,NA,NA,1,2,2,0,1,2,1,1,2,1,2,2,2,2,2,1,1,0,0,0,0,1,1
851721,5/16/2011 17:30,5/16/2011 17:40,1,1,100,NA,NA,1,NA,1,NA,NA,NA,2,1,2,1,1,2,1,2,0,2,1,1,1,2,0,2,0,1,0,1,1,1,0
1122309,5/16/2011 17:27,5/16/2011 17:41,1,1,50,1,1,NA,NA,NA,1,1,1,0,2,1,0,1,1,0,1,1,2,2,0,2,2,0,2,2,0,0,2,1,2,0
1121125,5/16/2011 17:35,5/16/2011 17:44,1,1,100,1,1,1,1,1,1,1,NA,0,2,0,1,1,2,2,2,1,1,0,0,0,2,1,1,0,0,1,2,0,2,1
1271170,5/16/2011 17:35,5/16/2011 17:46,1,1,100,1,1,1,1,NA,NA,NA,NA,1,0,2,2,1,1,1,1,0,0,1,0,2,1,2,0,1,0,0,0,0,0,0
1247643,5/16/2011 17:39,5/16/2011 17:46,1,1,100,1,1,1,NA,NA,1,NA,NA,0,2,1,1,0,1,0,1,0,2,2,2,2,2,1,1,1,0,0,0,1,2,1
669347,5/16/2011 17:36,5/16/2011 17:46,1,1,100,1,1,NA,NA,NA,1,1,1,2,2,0,1,2,2,1,2,2,2,0,2,1,2,0,1,1,0,0,1,1,2,1
98951,5/16/2011 17:40,5/16/2011 17:48,1,1,100,NA,1,1,NA,NA,NA,NA,NA,2,2,0,1,2,2,2,2,2,1,2,2,1,2,1,1,2,2,0,1,2,2,2
784628,5/16/2011 17:37,5/16/2011 17:53,1,1,95,1,1,NA,NA,NA,NA,NA,NA,2,1,0,0,2,2,1,2,2,1,1,0,0,1,0,0,1,0,0,0,1,1,0
1263912,5/16/2011 17:41,5/16/2011 17:54,1,1,100,NA,1,1,NA,1,NA,1,NA,2,2,2,2,2,2,2,2,2,2,2,2,2,2,2,0,2,2,2,2,2,2,2
717005,5/16/2011 17:47,5/16/2011 17:56,1,1,100,NA,1,1,1,1,NA,NA,NA,2,1,0,0,2,2,2,2,0,2,2,2,2,2,0,1,1,1,0,1,1,1,0
794106,5/16/2011 17:41,5/16/2011 17:57,1,1,98,NA,1,NA,NA,1,NA,1,NA,2,0,1,0,2,2,2,2,2,2,1,1,0,2,0,2,1,0,0,0,2,2,1
1261910,5/16/2011 17:45,5/16/2011 18:00,1,1,100,1,NA,NA,NA,NA,1,1,1,0,0,2,1,2,1,2,1,1,2,2,2,1,2,1,0,1,1,1,1,2,2,1
640942,5/16/2011 17:54,5/16/2011 18:02,1,1,100,1,1,1,1,1,1,1,1,1,1,1,2,2,1,0,1,0,2,1,1,1,2,2,0,0,0,2,2,0,1,0
1619575,5/16/2011 17:50,5/16/2011 18:04,1,1,18,1,NA,NA,NA,1,NA,NA,1,1,1,0,0,1,2,2,2,1,2,1,1,2,2,1,2,0,0,1,2,1,2,1
1257335,5/16/2011 17:59,5/16/2011 18:11,1,1,99,1,1,NA,NA,NA,1,1,1,0,2,2,0,2,2,0,0,2,2,2,1,1,2,1,0,1,1,0,2,0,2,1
988183,5/16/2011 18:03,5/16/2011 18:11,1,1,90,1,1,NA,NA,NA,1,NA,NA,NA,NA,NA,NA,NA,NA,NA,NA,NA,NA,NA,NA,NA,NA,NA,0,NA,NA,1,NA,1,NA,NA
401365,5/16/2011 18:01,5/16/2011 18:12,1,1,100,1,NA,NA,1,1,NA,NA,NA,0,1,0,0,1,2,1,1,0,0,0,1,0,0,0,1,0,1,1,0,1,1,0
1262680,5/16/2011 17:57,5/16/2011 18:13,1,1,100,1,1,1,1,1,1,1,1,2,2,0,0,2,2,2,2,2,2,1,1,0,2,0,0,0,0,1,1,0,2,2
1596034,5/16/2011 17:52,5/16/2011 18:15,1,1,100,1,1,1,NA,1,1,1,1,2,2,2,1,2,2,1,1,2,2,2,2,2,2,1,0,2,2,2,2,2,2,2
981009,5/16/2011 18:05,5/16/2011 18:16,1,1,100,NA,1,1,1,NA,NA,NA,NA,2,2,2,0,1,2,2,2,2,1,0,2,0,2,1,1,2,0,0,1,0,1,1
984380,5/16/2011 17:58,5/16/2011 18:16,1,1,100,1,1,NA,NA,1,1,1,NA,NA,NA,1,NA,NA,NA,NA,NA,NA,NA,NA,NA,NA,NA,1,0,1,1,1,NA,1,NA,NA
608445,5/16/2011 18:09,5/16/2011 18:20,1,1,100,1,1,1,1,NA,NA,1,1,1,0,2,0,2,1,2,1,0,1,1,2,0,2,2,2,0,0,1,1,0,0,2
1190126,5/16/2011 17:56,5/16/2011 18:24,1,1,71,1,NA,NA,NA,1,1,1,1,1,1,1,0,0,2,0,2,0,1,1,1,1,2,1,1,2,2,0,0,1,0,1
1286073,5/16/2011 18:16,5/16/2011 18:24,1,1,86,1,1,1,NA,NA,NA,NA,1,1,1,1,1,1,2,1,1,0,0,0,1,1,2,0,2,2,0,0,1,1,0,0
1088268,5/16/2011 18:14,5/16/2011 18:27,1,1,100,1,1,1,NA,1,NA,NA,NA,0,2,1,0,2,2,2,2,2,1,1,1,2,2,1,0,0,0,0,1,0,1,1
1227665,5/16/2011 18:15,5/16/2011 18:29,1,1,100,1,1,NA,1,1,1,NA,NA,1,1,0,0,NA,NA,NA,1,0,NA,1,1,0,2,NA,NA,1,0,NA,NA,1,NA,1
764884,5/16/2011 14:07,5/16/2011 18:33,1,1,100,1,1,1,NA,1,1,1,NA,2,2,2,1,2,2,2,2,1,2,2,1,1,2,2,0,2,2,1,2,0,2,2
1622857,5/16/2011 18:28,5/16/2011 18:36,1,1,100,1,NA,NA,NA,NA,NA,NA,1,2,1,1,1,2,2,1,2,2,2,2,1,1,2,0,2,1,0,0,0,2,1,0
1257275,5/16/2011 18:13,5/16/2011 18:36,1,1,100,1,NA,NA,NA,1,1,1,1,NA,NA,NA,NA,NA,NA,NA,NA,NA,NA,NA,NA,NA,NA,NA,NA,NA,NA,NA,NA,0,NA,NA
306108,5/16/2011 18:20,5/16/2011 18:37,1,1,76,1,1,NA,NA,NA,1,NA,1,1,1,1,1,0,1,0,2,2,0,0,2,1,0,1,1,2,2,2,0,0,1,1
628670,5/16/2011 18:29,5/16/2011 18:38,1,1,81,1,1,1,1,1,NA,1,NA,1,NA,1,0,NA,NA,NA,NA,1,2,NA,0,1,1,0,2,0,1,0,2,0,2,0
1080165,5/16/2011 18:27,5/16/2011 18:42,1,1,75,1,1,1,NA,NA,1,1,1,1,2,0,1,2,1,0,1,0,0,2,0,0,2,0,0,2,0,0,1,0,2,0
874639,5/16/2011 18:20,5/16/2011 18:44,1,1,95,1,1,1,1,1,1,1,1,0,2,0,0,1,0,1,2,2,0,1,1,1,2,0,1,0,1,0,2,0,2,1
628954,5/16/2011 18:31,5/16/2011 18:45,1,1,100,1,1,1,1,1,NA,NA,NA,2,0,0,0,2,2,1,1,0,1,1,0,0,2,0,2,1,0,0,0,2,1,0
596519,5/16/2011 18:35,5/16/2011 18:48,1,1,98,1,1,1,1,1,1,NA,NA,0,1,0,1,2,1,1,0,1,0,0,0,1,0,2,0,1,0,0,1,0,1,1
718154,5/16/2011 18:26,5/16/2011 18:48,1,1,100,1,1,1,NA,1,1,1,NA,1,1,1,0,2,0,2,1,2,1,1,0,0,1,2,0,0,0,1,1,1,1,1
1249410,5/16/2011 18:37,5/16/2011 18:51,1,1,91,1,1,1,1,1,1,1,NA,1,2,0,0,2,2,1,1,2,1,1,1,1,2,0,1,1,0,0,2,1,2,0
1278805,5/16/2011 18:34,5/16/2011 18:52,1,1,100,1,1,1,1,1,1,1,NA,1,1,2,0,1,1,1,0,2,0,0,1,0,0,0,1,1,0,0,0,0,0,0
1068593,5/16/2011 18:43,5/16/2011 18:52,1,1,100,NA,1,1,NA,NA,NA,NA,NA,NA,NA,2,NA,NA,2,2,2,NA,2,NA,NA,NA,NA,NA,0,NA,NA,2,2,NA,NA,NA
1271658,5/16/2011 18:37,5/16/2011 18:52,1,1,100,1,1,1,NA,1,NA,NA,NA,0,2,2,1,1,2,2,1,2,0,1,1,1,0,2,0,1,0,0,2,0,2,1
1246769,5/16/2011 18:35,5/16/2011 18:52,1,1,100,NA,1,1,NA,NA,1,1,1,2,2,2,2,2,2,2,2,2,1,2,2,2,2,2,0,2,2,2,2,1,2,2
353552,5/16/2011 18:39,5/16/2011 18:54,1,1,100,1,1,1,NA,1,1,1,1,NA,0,NA,NA,NA,NA,1,NA,1,NA,NA,NA,1,2,NA,0,2,NA,NA,NA,NA,NA,2
1234627,5/16/2011 18:46,5/16/2011 18:55,1,1,95,1,1,NA,NA,1,NA,NA,NA,1,2,1,1,2,2,2,2,2,1,2,2,2,2,1,1,2,1,1,2,0,2,2
1242543,5/16/2011 18:36,5/16/2011 18:55,1,1,100,1,1,1,NA,1,1,1,1,2,2,2,1,2,2,2,2,2,2,2,2,2,2,2,0,2,1,1,2,2,2,2
1606489,5/16/2011 18:46,5/16/2011 18:59,1,1,100,1,1,NA,NA,1,1,1,1,2,0,0,0,1,2,1,2,2,0,1,1,0,2,0,0,0,0,0,0,1,1,0
1620732,5/16/2011 18:44,5/16/2011 19:00,1,1,100,1,NA,1,NA,1,1,1,1,NA,NA,NA,1,NA,NA,NA,NA,NA,NA,NA,NA,NA,NA,NA,0,NA,NA,NA,NA,NA,NA,NA
614874,5/16/2011 18:58,5/16/2011 19:09,1,1,92,NA,1,NA,1,NA,NA,NA,NA,0,2,1,0,1,1,2,0,0,1,1,2,2,1,2,1,1,0,0,2,1,2,0
1238351,5/16/2011 18:59,5/16/2011 19:15,1,1,56,NA,1,NA,1,NA,NA,NA,NA,1,2,0,1,2,2,2,2,2,0,0,2,0,0,1,0,1,1,1,2,0,2,2
728455,5/16/2011 19:01,5/16/2011 19:19,1,1,50,1,1,NA,NA,NA,1,1,1,0,0,0,0,1,1,0,0,1,2,1,0,1,1,0,2,1,0,0,0,0,0,1
1252621,5/16/2011 19:12,5/16/2011 19:23,1,1,100,1,NA,NA,NA,NA,1,1,NA,1,2,2,1,1,1,1,2,1,1,2,1,1,2,0,0,1,1,0,2,0,2,1
21117,5/16/2011 19:15,5/16/2011 19:27,1,1,100,1,1,1,NA,NA,NA,NA,NA,0,1,0,1,1,2,2,2,1,1,1,0,1,2,1,1,1,0,0,1,0,1,1
1121594,5/16/2011 19:22,5/16/2011 19:30,1,1,92,1,NA,NA,NA,1,NA,NA,NA,0,1,0,0,2,2,2,0,0,2,1,2,1,2,1,0,0,0,1,0,1,2,1
1279773,5/16/2011 19:21,5/16/2011 19:31,1,1,100,1,1,1,NA,NA,1,1,NA,0,2,0,0,1,2,2,2,2,0,0,0,2,1,2,2,0,0,0,2,0,2,2
1661680,5/16/2011 19:15,5/16/2011 19:32,1,1,50,NA,1,1,NA,NA,NA,NA,NA,1,0,0,0,0,2,2,1,0,2,2,1,1,2,0,2,2,1,1,1,0,0,0
1247045,5/16/2011 18:49,5/16/2011 19:33,1,1,100,1,1,NA,NA,1,1,1,1,2,2,1,1,2,2,2,1,2,2,1,1,1,2,1,0,1,1,1,2,1,2,2
1119973,5/16/2011 19:14,5/16/2011 19:34,1,1,100,1,1,1,1,1,1,1,1,1,2,0,0,0,2,1,1,1,1,1,1,0,1,0,1,0,0,0,2,1,2,0
327051,5/16/2011 19:24,5/16/2011 19:36,1,1,69,1,1,NA,NA,NA,NA,1,NA,2,1,0,0,0,1,0,1,2,1,0,0,1,2,1,0,1,0,0,0,0,1,2
647630,5/16/2011 19:26,5/16/2011 19:41,1,1,93,1,1,NA,NA,NA,NA,NA,NA,2,2,1,0,1,2,2,2,1,2,2,2,2,2,0,1,2,1,2,2,2,2,0
1265817,5/16/2011 19:25,5/16/2011 19:42,1,1,100,NA,NA,1,NA,1,1,NA,NA,NA,NA,NA,NA,NA,NA,NA,NA,NA,NA,NA,NA,NA,NA,NA,NA,NA,NA,NA,NA,NA,NA,NA
471529,5/16/2011 19:37,5/16/2011 19:48,1,1,100,1,1,1,NA,NA,NA,NA,NA,0,2,2,0,1,2,2,2,2,2,2,2,0,2,2,1,2,2,0,2,0,0,2
479744,5/16/2011 19:37,5/16/2011 19:49,1,1,100,1,1,1,NA,1,1,1,1,2,2,2,1,2,2,2,2,2,2,2,1,1,2,2,0,2,2,2,2,1,2,2
86332,5/16/2011 19:36,5/16/2011 19:50,1,1,95,1,1,1,1,1,1,1,NA,0,1,0,0,1,2,2,1,1,2,1,0,0,1,1,1,0,0,0,2,0,1,1
1155183,5/16/2011 19:37,5/16/2011 19:51,1,1,75,NA,1,1,NA,1,NA,NA,NA,2,0,0,0,1,2,1,2,2,1,0,1,1,1,1,2,1,0,0,1,1,1,1
535708,5/16/2011 19:37,5/16/2011 19:55,1,1,100,1,1,1,NA,1,1,NA,NA,1,2,1,NA,NA,2,2,2,0,0,1,0,0,2,0,NA,1,1,NA,2,0,NA,1
1016364,5/16/2011 19:50,5/16/2011 19:57,1,1,100,1,1,1,NA,1,NA,1,NA,NA,NA,NA,NA,NA,NA,NA,NA,NA,NA,NA,NA,NA,NA,NA,0,NA,NA,NA,NA,NA,NA,NA
1269963,5/16/2011 19:47,5/16/2011 19:59,1,1,100,1,1,1,NA,1,1,NA,NA,1,1,2,2,2,1,2,1,1,2,1,2,1,2,2,0,2,2,1,1,0,1,2
1246337,5/16/2011 19:46,5/16/2011 19:59,1,1,100,1,1,NA,NA,1,1,1,NA,0,1,0,0,1,2,1,1,2,0,2,1,2,1,0,2,2,1,0,0,0,0,1
341057,5/16/2011 19:52,5/16/2011 20:00,1,1,30,NA,1,1,NA,1,NA,NA,NA,NA,NA,NA,NA,NA,NA,NA,NA,NA,0,NA,NA,NA,NA,NA,NA,NA,NA,0,NA,0,NA,NA
1634850,5/16/2011 19:54,5/16/2011 20:01,1,1,95,1,NA,NA,NA,NA,NA,NA,NA,NA,2,NA,NA,NA,2,1,2,2,NA,2,2,2,2,NA,2,NA,0,0,NA,0,2,NA
1092217,5/16/2011 19:50,5/16/2011 20:02,1,1,82,1,1,1,1,NA,1,1,NA,1,2,1,2,2,2,2,2,2,0,2,1,2,2,1,0,1,1,2,2,2,2,2
216193,5/16/2011 19:50,5/16/2011 20:05,1,1,100,1,1,NA,NA,NA,1,NA,NA,0,2,0,1,0,2,0,2,0,2,1,2,2,2,1,2,2,0,0,2,1,2,2
499362,5/16/2011 19:40,5/16/2011 20:05,1,1,90,1,1,1,NA,1,1,1,1,1,2,1,1,2,2,1,2,2,2,1,1,1,2,1,0,2,1,1,2,1,2,2
147088,5/16/2011 19:56,5/16/2011 20:07,1,1,90,1,1,NA,NA,NA,1,NA,NA,1,1,0,0,1,2,2,2,2,0,1,1,1,1,0,1,2,0,0,0,1,0,1
722191,5/16/2011 19:59,5/16/2011 20:09,1,1,98,1,1,1,NA,1,1,1,NA,2,2,2,0,2,2,2,2,2,1,2,2,1,2,2,0,0,0,0,2,2,2,2
1245599,5/16/2011 19:48,5/16/2011 20:10,1,1,76,1,NA,NA,NA,NA,1,NA,1,2,2,1,1,2,2,2,2,2,2,2,2,0,2,1,2,0,0,0,1,0,1,1
806061,5/16/2011 20:06,5/16/2011 20:10,1,1,80,1,1,NA,NA,NA,1,1,1,2,2,2,2,2,2,2,2,2,2,2,2,2,2,2,0,2,2,2,2,2,2,2
1285656,5/16/2011 18:43,5/16/2011 20:10,1,1,72,NA,1,1,NA,NA,NA,NA,NA,0,1,0,2,0,2,1,2,0,1,1,1,2,1,0,2,2,0,1,1,2,1,0
1233176,5/16/2011 20:01,5/16/2011 20:11,1,1,100,1,NA,NA,NA,NA,NA,1,1,NA,NA,NA,NA,0,NA,0,NA,0,NA,NA,NA,0,NA,NA,0,0,NA,NA,NA,NA,NA,NA
282676,5/16/2011 20:07,5/16/2011 20:17,1,1,100,NA,1,1,NA,NA,NA,NA,NA,2,2,2,2,2,2,2,2,2,2,2,2,2,2,2,0,2,2,2,2,2,2,2
36719,5/16/2011 20:06,5/16/2011 20:18,1,1,100,1,1,1,NA,NA,1,NA,NA,2,0,1,0,0,2,1,2,2,1,0,1,0,1,0,2,0,0,0,1,0,0,2
1241209,5/16/2011 20:05,5/16/2011 20:19,1,1,100,1,1,1,NA,1,NA,1,NA,2,1,0,0,2,2,2,2,1,0,0,0,0,2,0,1,2,0,0,2,1,1,0
1622279,5/16/2011 20:07,5/16/2011 20:22,1,1,100,1,1,1,1,NA,1,1,NA,2,2,0,0,1,2,1,1,0,1,0,2,0,1,0,2,0,0,0,2,2,2,0
1294704,5/16/2011 20:05,5/16/2011 20:23,1,1,92,NA,NA,1,NA,NA,NA,NA,NA,1,2,1,0,1,2,1,2,1,1,2,0,0,2,0,1,0,0,0,2,1,2,0
1235465,5/16/2011 20:14,5/16/2011 20:23,1,1,100,NA,1,1,NA,NA,NA,NA,NA,2,0,2,2,1,2,2,1,1,0,2,2,1,1,0,0,1,1,1,0,0,0,0
549268,5/16/2011 20:13,5/16/2011 20:25,1,1,51,1,1,1,NA,NA,1,1,1,2,0,2,1,1,2,2,2,2,2,2,1,0,1,0,0,1,1,1,0,0,0,2
1262844,5/16/2011 20:15,5/16/2011 20:26,1,1,94,NA,1,1,NA,1,NA,NA,NA,1,2,1,0,0,2,1,1,2,0,0,0,1,1,1,0,0,0,1,1,1,2,1
846931,5/16/2011 20:21,5/16/2011 20:33,1,1,100,1,NA,NA,NA,NA,1,1,1,NA,NA,NA,NA,NA,NA,NA,NA,NA,NA,NA,NA,NA,NA,NA,0,NA,NA,NA,NA,NA,NA,NA
540973,5/16/2011 20:26,5/16/2011 20:35,1,1,70,1,1,1,1,1,1,1,1,2,2,1,1,2,2,2,2,2,0,1,1,0,1,1,0,0,0,0,2,2,2,2
1280762,5/16/2011 20:18,5/16/2011 20:36,1,1,100,NA,1,1,1,NA,NA,NA,NA,2,0,1,0,2,2,2,2,1,2,1,1,1,2,0,0,0,0,0,1,1,1,1
286635,5/16/2011 20:26,5/16/2011 20:38,1,1,97,NA,1,1,1,NA,1,NA,NA,1,1,0,0,2,2,2,1,0,2,1,0,0,2,0,2,0,0,0,0,1,0,0
1654120,5/16/2011 20:28,5/16/2011 20:38,1,1,100,NA,1,NA,1,NA,1,1,1,0,1,1,0,1,1,1,1,0,1,1,1,0,1,1,2,0,1,1,1,1,0,0
675189,5/16/2011 20:27,5/16/2011 20:38,1,1,95,1,1,1,1,NA,NA,NA,NA,2,1,0,0,1,2,1,2,1,1,0,0,0,2,0,1,0,0,0,0,0,0,0
869075,5/16/2011 20:29,5/16/2011 20:39,1,1,100,1,1,NA,NA,NA,NA,1,NA,1,0,0,1,0,0,1,1,0,1,0,0,0,1,0,0,0,0,1,0,0,0,1
1164095,5/16/2011 20:27,5/16/2011 20:41,1,1,100,NA,1,1,NA,1,1,NA,NA,2,1,0,0,1,2,1,2,1,1,1,2,1,1,2,2,0,1,0,1,0,1,1
1236651,5/16/2011 20:30,5/16/2011 20:43,1,1,40,1,1,1,NA,NA,1,NA,1,0,1,1,0,0,2,1,0,2,1,1,0,2,1,1,1,0,0,1,1,0,1,1
872216,5/16/2011 20:36,5/16/2011 20:49,1,1,100,1,NA,NA,NA,NA,1,1,1,2,2,2,2,2,2,2,2,2,2,2,2,2,2,2,0,2,2,2,2,1,2,2
701905,5/16/2011 20:34,5/16/2011 20:50,1,1,100,1,1,NA,NA,1,NA,NA,NA,1,2,1,1,2,2,1,1,1,0,1,2,2,2,2,2,2,1,2,2,2,2,1
1244831,5/16/2011 20:47,5/16/2011 20:50,1,1,100,1,1,NA,NA,1,1,1,NA,NA,NA,NA,NA,NA,NA,NA,NA,NA,NA,NA,NA,NA,NA,NA,NA,NA,NA,NA,NA,NA,NA,NA
1239256,5/16/2011 20:42,5/16/2011 20:57,1,1,25,1,NA,NA,NA,1,1,1,1,0,2,0,1,0,0,2,2,1,1,1,1,0,1,1,2,1,0,1,2,0,2,1
1237983,5/16/2011 20:43,5/16/2011 20:59,1,1,100,1,1,1,1,1,1,1,1,1,2,1,1,1,2,1,2,1,1,2,1,1,2,2,1,1,2,0,2,1,2,1
1675051,5/16/2011 20:45,5/16/2011 21:00,1,1,100,1,1,1,1,1,1,1,1,1,0,1,1,1,1,1,2,0,2,2,2,1,1,1,1,1,1,1,0,0,0,0
1264583,5/16/2011 20:47,5/16/2011 21:00,1,1,71,1,1,1,1,1,NA,1,NA,0,1,1,1,1,2,2,2,1,0,1,1,0,1,0,1,1,0,0,1,0,0,0
809276,5/16/2011 20:50,5/16/2011 21:02,1,1,15,1,1,NA,NA,NA,1,1,1,2,1,1,0,1,2,2,2,2,1,2,1,1,2,0,0,0,0,0,1,0,0,1
1081439,5/16/2011 20:49,5/16/2011 21:03,1,1,100,1,1,1,NA,1,1,1,1,0,2,2,0,2,1,2,2,2,2,1,2,2,2,2,0,1,2,1,2,0,2,2
1249925,5/16/2011 20:53,5/16/2011 21:07,1,1,100,1,1,1,1,1,1,1,1,0,1,0,0,1,0,1,1,1,1,2,2,0,2,0,1,0,0,0,1,1,1,1
1271910,5/16/2011 21:00,5/16/2011 21:14,1,1,100,1,1,NA,NA,NA,1,NA,NA,NA,NA,NA,NA,NA,NA,NA,NA,NA,NA,NA,NA,NA,NA,NA,NA,NA,NA,NA,NA,0,NA,NA
612958,5/16/2011 21:03,5/16/2011 21:17,1,1,19,1,1,NA,NA,NA,NA,1,NA,2,2,2,1,2,2,1,2,2,2,1,2,2,2,1,2,2,1,1,1,0,1,2
474958,5/16/2011 21:06,5/16/2011 21:17,1,1,100,1,1,1,NA,NA,1,1,NA,2,0,1,1,2,0,2,0,2,2,2,2,2,0,0,0,2,2,1,1,2,2,1
451895,5/16/2011 21:10,5/16/2011 21:21,1,1,95,1,1,NA,1,1,1,NA,NA,0,2,0,0,1,2,0,2,2,2,2,0,2,2,2,2,0,0,0,2,1,2,1
431918,5/16/2011 21:13,5/16/2011 21:22,1,1,100,1,1,1,NA,NA,1,1,1,2,2,2,2,2,2,2,2,2,2,2,2,2,2,2,0,2,1,2,2,2,2,2
1280848,5/16/2011 21:11,5/16/2011 21:22,1,1,90,1,1,1,NA,NA,NA,NA,NA,2,0,0,1,0,2,0,2,1,2,1,1,0,2,1,2,1,0,0,0,1,2,0
1057283,5/16/2011 21:12,5/16/2011 21:25,1,1,100,1,1,1,1,1,NA,NA,NA,1,2,0,0,2,1,2,1,2,1,1,0,0,2,0,1,0,0,2,2,0,1,1
1122824,5/16/2011 21:15,5/16/2011 21:29,1,1,71,1,NA,NA,NA,1,NA,1,NA,2,2,0,1,1,2,2,1,1,0,2,1,1,0,1,0,1,1,1,1,0,2,2
809803,5/16/2011 21:09,5/16/2011 21:32,1,1,91,1,NA,NA,NA,1,1,1,1,2,2,2,2,2,2,2,2,2,2,2,2,2,2,2,0,2,2,2,2,1,2,2
541096,5/16/2011 21:18,5/16/2011 21:33,1,1,90,1,1,1,NA,1,1,NA,NA,2,2,2,2,2,2,2,2,2,1,2,2,2,2,2,0,2,2,2,2,1,2,2
1235436,5/16/2011 21:20,5/16/2011 21:34,1,1,100,1,1,1,NA,1,1,1,NA,0,2,2,1,1,0,2,2,0,0,1,1,1,2,2,0,0,1,2,2,2,2,2
1669254,5/16/2011 21:17,5/16/2011 21:34,1,1,100,NA,1,1,NA,1,NA,1,NA,2,1,2,0,2,2,2,2,2,1,1,2,2,2,0,0,1,0,0,0,1,2,1
799175,5/16/2011 21:18,5/16/2011 21:35,1,1,100,1,1,1,1,1,1,1,1,0,0,1,1,1,1,0,0,0,0,2,1,2,0,0,1,1,0,0,2,1,0,0
764058,5/16/2011 21:20,5/16/2011 21:37,1,1,100,NA,1,NA,NA,NA,NA,NA,NA,2,1,0,1,2,2,2,2,2,2,2,2,1,2,0,1,1,1,0,1,0,1,2
663927,5/16/2011 21:33,5/16/2011 21:45,1,1,5,1,1,NA,NA,NA,1,NA,NA,2,1,0,0,2,2,2,2,2,2,1,1,0,2,1,2,0,1,0,0,1,1,2
1265485,5/16/2011 21:32,5/16/2011 21:45,1,1,100,NA,NA,1,NA,NA,1,1,NA,2,2,1,1,2,2,2,2,2,2,2,2,2,2,2,0,1,1,1,2,2,2,NA
1261971,5/16/2011 21:35,5/16/2011 21:47,1,1,100,1,1,1,1,1,1,1,1,2,1,1,0,1,2,2,2,2,1,1,0,1,2,0,1,2,0,0,2,0,2,0
698318,5/16/2011 21:42,5/16/2011 21:54,1,1,100,1,1,1,1,NA,1,NA,NA,1,0,0,0,2,0,2,1,0,2,1,0,0,2,0,2,2,1,1,1,0,0,1
368857,5/16/2011 21:44,5/16/2011 21:58,1,1,100,1,1,1,1,1,1,1,NA,1,0,2,0,1,1,1,0,2,1,1,1,0,2,0,0,1,1,0,0,1,0,0
1251999,5/16/2011 21:50,5/16/2011 22:01,1,1,52,NA,1,NA,NA,NA,NA,NA,NA,2,1,1,0,0,1,1,1,0,0,2,0,0,2,1,1,1,0,0,1,0,0,1
1261420,5/16/2011 21:57,5/16/2011 22:15,1,1,60,1,1,1,NA,NA,NA,NA,NA,2,2,1,0,1,2,1,2,2,1,2,2,1,2,0,0,1,1,0,2,1,2,1
1255276,5/16/2011 22:05,5/16/2011 22:23,1,1,75,1,1,1,NA,1,1,1,NA,2,2,1,0,0,2,1,2,2,0,2,2,0,1,2,1,1,0,0,0,0,1,2
1248450,5/16/2011 22:07,5/16/2011 22:25,1,1,100,1,1,1,NA,1,1,1,1,2,1,1,0,2,2,1,2,2,0,1,1,0,2,1,0,0,0,1,1,0,2,2
843889,5/16/2011 22:15,5/16/2011 22:29,1,1,100,1,NA,1,1,NA,1,NA,NA,NA,NA,0,0,NA,NA,NA,NA,NA,NA,NA,NA,1,NA,0,NA,NA,1,1,NA,NA,NA,0
624152,5/16/2011 22:23,5/16/2011 22:32,1,1,100,1,1,1,NA,NA,1,NA,NA,1,1,2,1,0,1,1,1,1,0,0,0,1,1,0,1,1,0,1,1,0,1,0
1625516,5/16/2011 22:24,5/16/2011 22:38,1,1,99,NA,NA,1,NA,NA,NA,NA,NA,NA,NA,NA,NA,NA,NA,NA,NA,NA,NA,NA,NA,NA,NA,NA,NA,NA,NA,0,NA,NA,NA,NA
1229248,5/16/2011 22:17,5/16/2011 22:41,1,1,100,1,1,1,NA,1,NA,NA,NA,0,2,1,1,1,2,2,0,0,1,2,2,1,0,2,0,1,1,2,2,0,2,2
1276997,5/16/2011 21:24,5/16/2011 22:43,1,1,95,1,1,1,NA,1,1,1,1,2,0,0,0,2,2,2,2,1,1,1,2,2,1,0,0,2,0,0,0,0,0,1
1256930,5/16/2011 22:44,5/16/2011 22:58,1,1,100,NA,1,1,1,1,NA,1,NA,NA,NA,NA,NA,NA,NA,NA,NA,NA,NA,NA,1,0,NA,0,1,0,1,1,NA,NA,NA,NA
362339,5/16/2011 22:32,5/16/2011 22:59,1,1,100,1,1,NA,1,1,NA,NA,NA,1,1,2,0,2,2,2,2,1,2,2,1,2,2,1,1,2,0,1,1,0,1,2
658291,5/16/2011 22:52,5/16/2011 23:01,1,1,100,1,1,1,1,1,1,1,1,NA,NA,1,0,NA,NA,NA,NA,NA,2,NA,NA,NA,2,0,2,0,0,NA,0,0,NA,NA
1654847,5/16/2011 22:49,5/16/2011 23:04,1,1,100,1,1,1,NA,1,1,NA,NA,2,2,2,2,1,1,1,2,1,1,2,2,2,2,1,0,2,2,2,2,1,2,2
1243483,5/16/2011 22:43,5/16/2011 23:04,1,1,90,1,1,1,NA,1,1,1,NA,2,1,2,1,2,2,1,2,2,1,2,2,2,2,1,0,2,1,1,1,1,1,2
1663751,5/16/2011 23:02,5/16/2011 23:08,1,1,100,1,NA,NA,1,1,1,NA,1,1,0,0,0,0,0,0,0,0,0,0,2,0,1,1,0,1,1,1,0,0,0,1
726819,5/16/2011 22:46,5/16/2011 23:10,1,1,100,1,1,1,NA,1,1,1,1,NA,NA,0,NA,2,NA,NA,NA,NA,NA,0,1,NA,1,NA,NA,0,1,NA,1,1,NA,0
738658,5/16/2011 22:59,5/16/2011 23:16,1,1,100,1,NA,NA,NA,1,1,NA,NA,1,0,0,0,0,1,1,1,2,2,1,0,1,2,2,2,1,0,0,0,2,0,2
37601,5/16/2011 23:06,5/16/2011 23:21,1,1,50,1,1,NA,NA,NA,NA,1,1,1,2,0,0,2,2,2,2,1,2,1,1,0,1,0,1,2,0,0,2,1,2,0
1676817,5/16/2011 23:16,5/16/2011 23:31,1,1,53,NA,1,1,NA,1,NA,NA,NA,2,2,2,2,2,1,2,2,2,2,2,2,2,2,2,0,2,1,2,2,1,2,2
774203,5/16/2011 23:33,5/16/2011 23:43,1,1,90,1,1,1,1,1,NA,1,NA,1,1,1,1,2,2,2,1,2,1,2,1,1,1,1,0,1,1,1,1,0,1,2
1195279,5/16/2011 23:34,5/16/2011 23:48,1,1,79,1,NA,NA,NA,1,NA,NA,NA,1,1,1,0,1,1,1,2,1,2,1,2,1,1,0,1,2,0,0,0,2,1,1
1191426,5/16/2011 23:46,5/16/2011 23:59,1,1,90,1,1,NA,1,NA,NA,NA,1,0,1,0,0,2,0,0,1,1,0,0,2,1,0,1,1,2,0,0,1,1,1,0
515469,5/17/2011 0:05,5/17/2011 0:15,1,1,82,1,NA,1,NA,1,1,NA,NA,2,2,1,0,2,2,2,2,2,0,1,0,1,2,1,1,2,1,1,1,0,2,1
1666273,5/17/2011 0:26,5/17/2011 0:36,1,1,100,NA,1,1,NA,NA,NA,1,NA,0,2,0,2,1,2,1,1,0,0,0,0,1,0,1,2,1,2,1,2,0,2,1
1250127,5/17/2011 1:43,5/17/2011 2:08,1,1,29,NA,1,1,NA,NA,1,NA,NA,1,1,1,0,2,2,1,2,2,0,2,1,1,2,2,0,0,2,2,2,1,1,2
1622380,5/17/2011 2:28,5/17/2011 2:46,1,1,100,1,1,1,1,1,1,1,1,NA,NA,0,0,NA,NA,NA,NA,NA,NA,NA,0,0,NA,0,1,0,0,1,2,0,NA,0
1125932,5/17/2011 5:20,5/17/2011 5:29,1,1,100,1,1,1,NA,NA,NA,NA,NA,1,0,0,0,1,1,1,1,0,1,1,0,0,1,0,2,0,0,0,0,1,0,0
952882,5/17/2011 5:48,5/17/2011 5:56,1,1,100,1,NA,1,1,1,1,1,1,2,2,0,0,2,2,1,1,2,2,2,1,1,2,0,0,0,0,0,1,2,2,0
146707,5/17/2011 6:12,5/17/2011 6:26,1,1,91,1,1,NA,NA,NA,1,NA,NA,2,1,0,0,1,2,1,2,0,1,2,2,1,1,0,0,1,1,0,1,0,1,0
658398,5/17/2011 6:18,5/17/2011 6:29,1,1,100,1,1,1,1,1,1,1,1,NA,NA,1,0,NA,NA,NA,NA,NA,0,NA,NA,1,NA,0,NA,NA,1,0,0,NA,NA,1
1205651,5/16/2011 20:17,5/17/2011 6:36,1,1,100,NA,1,1,1,1,NA,1,NA,2,0,0,0,2,1,2,2,1,1,2,1,1,2,2,0,0,1,1,1,0,0,1
834917,5/17/2011 6:29,5/17/2011 6:38,1,1,100,1,1,1,NA,1,NA,1,NA,NA,NA,NA,NA,NA,NA,NA,NA,NA,NA,NA,NA,NA,NA,NA,NA,NA,NA,NA,NA,NA,NA,NA
1590896,5/17/2011 6:33,5/17/2011 6:45,1,1,80,1,1,1,NA,NA,NA,NA,NA,1,2,1,1,1,2,1,2,0,0,1,1,2,2,2,0,1,1,0,2,1,2,2
1248928,5/17/2011 6:42,5/17/2011 6:54,1,1,100,1,1,NA,NA,1,NA,NA,NA,2,2,2,0,2,2,2,2,2,2,2,0,2,2,2,2,1,2,0,2,1,2,1
1000918,5/17/2011 6:48,5/17/2011 7:05,1,1,100,NA,NA,NA,NA,NA,1,NA,NA,0,2,2,2,1,1,0,2,0,0,1,0,2,1,2,0,1,1,1,2,0,2,2
991658,5/17/2011 6:48,5/17/2011 7:05,1,1,60,1,1,NA,NA,1,1,NA,1,2,1,2,0,2,2,2,2,2,2,2,1,0,2,0,2,1,0,0,1,0,1,1
1245200,5/17/2011 6:57,5/17/2011 7:10,1,1,100,1,1,1,1,1,1,1,1,1,2,0,1,0,0,1,1,1,0,1,0,0,2,0,2,1,0,1,2,0,2,2
1281131,5/17/2011 6:51,5/17/2011 7:11,1,1,100,1,1,1,NA,NA,NA,1,NA,2,2,2,2,2,2,2,2,2,2,2,2,2,2,2,0,2,2,2,2,2,2,2
1241443,5/17/2011 7:01,5/17/2011 7:12,1,1,90,NA,1,1,NA,NA,1,NA,NA,2,2,2,1,1,1,1,2,2,2,1,1,1,2,2,1,0,0,0,1,1,2,2
1248706,5/17/2011 7:20,5/17/2011 7:30,1,1,100,1,1,1,NA,1,1,1,1,1,2,1,1,2,2,1,2,1,2,2,2,2,2,2,0,1,1,1,1,1,1,2
1661509,5/17/2011 7:18,5/17/2011 7:34,1,1,100,NA,1,1,NA,NA,NA,NA,NA,2,2,1,1,2,2,2,2,2,1,2,2,2,2,1,0,2,1,1,1,2,1,2
1529304,5/17/2011 7:28,5/17/2011 7:38,1,1,17,NA,1,NA,NA,NA,NA,1,NA,NA,NA,0,0,NA,NA,NA,NA,NA,NA,NA,NA,NA,NA,0,0,NA,0,NA,0,NA,NA,NA
613872,5/17/2011 7:29,5/17/2011 7:40,1,1,100,1,1,1,NA,1,1,NA,NA,1,2,1,1,2,1,2,2,2,2,1,1,2,2,1,1,1,2,0,2,0,2,1
829055,5/16/2011 15:17,5/17/2011 7:40,1,1,50,1,1,NA,NA,NA,NA,NA,NA,1,2,0,0,1,1,1,2,2,2,2,2,2,1,1,1,0,0,1,2,0,2,2
540000,5/17/2011 7:44,5/17/2011 7:54,1,1,100,NA,1,1,NA,NA,NA,NA,NA,1,0,2,1,1,2,1,2,2,2,1,1,1,2,0,2,2,0,0,0,1,1,0
1157087,5/17/2011 7:41,5/17/2011 7:55,1,1,50,NA,NA,NA,NA,1,1,NA,NA,2,2,2,2,2,2,2,2,2,2,2,2,2,2,1,0,2,2,1,2,2,2,2
641604,5/17/2011 7:42,5/17/2011 7:56,1,1,100,1,NA,NA,NA,NA,1,NA,NA,NA,1,1,0,2,2,0,1,1,2,1,1,2,2,1,1,2,1,1,1,0,1,1
589048,5/17/2011 7:56,5/17/2011 8:01,1,1,100,NA,NA,1,NA,NA,1,NA,NA,NA,NA,NA,NA,NA,NA,NA,NA,NA,NA,NA,NA,NA,NA,NA,NA,NA,NA,NA,NA,NA,NA,NA
1252222,5/17/2011 7:53,5/17/2011 8:02,1,1,40,1,1,NA,NA,NA,1,NA,NA,2,2,2,2,2,2,2,2,2,2,2,2,2,2,2,0,2,2,2,2,2,2,2
1232301,5/17/2011 7:53,5/17/2011 8:05,1,1,100,1,1,1,1,1,1,1,1,2,2,1,1,2,1,2,1,2,1,1,0,2,2,1,1,1,1,1,2,1,2,2
408121,5/17/2011 7:52,5/17/2011 8:06,1,1,100,1,1,1,NA,1,NA,NA,NA,1,1,0,0,1,2,0,0,1,1,1,1,1,2,0,1,0,0,0,2,0,2,0
1236002,5/17/2011 7:52,5/17/2011 8:09,1,1,100,1,1,1,1,1,1,1,1,0,2,0,0,2,2,2,2,2,1,2,0,2,2,1,1,0,0,1,0,0,0,1
1249178,5/17/2011 7:55,5/17/2011 8:12,1,1,69,1,1,NA,NA,1,1,1,1,2,2,0,2,2,2,1,1,2,2,1,2,2,2,0,2,2,2,2,2,0,2,2
1620325,5/17/2011 8:19,5/17/2011 8:39,1,1,100,1,1,1,NA,NA,1,NA,NA,NA,NA,NA,0,NA,NA,NA,NA,NA,NA,NA,NA,NA,NA,NA,NA,NA,NA,1,NA,NA,NA,NA
996144,5/17/2011 8:37,5/17/2011 8:47,1,1,100,1,1,1,1,1,1,1,1,0,1,1,0,1,2,1,1,2,1,2,0,0,1,1,0,0,0,0,1,0,1,0
1003818,5/17/2011 8:32,5/17/2011 8:48,1,1,100,NA,NA,1,1,1,1,NA,NA,1,2,0,0,2,1,2,2,0,2,1,0,0,2,0,1,1,0,0,1,1,2,0
1235725,5/17/2011 8:51,5/17/2011 9:03,1,1,100,1,1,1,NA,1,1,1,1,NA,0,NA,0,NA,NA,NA,NA,NA,NA,NA,NA,NA,NA,NA,NA,NA,0,0,NA,0,0,0
1250133,5/17/2011 8:55,5/17/2011 9:04,1,1,100,1,1,1,1,1,1,1,1,0,2,1,0,0,2,2,0,0,2,0,1,0,1,0,0,1,1,2,2,1,2,0
1263037,5/17/2011 9:14,5/17/2011 9:26,1,1,100,1,1,1,1,1,1,1,1,1,2,0,1,1,2,1,2,1,2,2,1,2,2,0,2,1,0,0,2,0,2,2
1261797,5/17/2011 9:18,5/17/2011 9:28,1,1,100,1,1,1,1,1,1,1,1,0,2,0,0,1,1,1,1,0,2,0,1,0,2,0,1,0,0,1,1,0,1,2
1264376,5/17/2011 9:40,5/17/2011 9:51,1,1,95,1,1,1,NA,1,1,NA,NA,0,2,0,1,2,2,2,2,1,2,0,0,1,0,1,0,0,0,1,2,1,2,0
1603028,5/17/2011 10:04,5/17/2011 10:13,1,1,100,NA,NA,NA,1,NA,NA,NA,NA,0,1,0,1,1,2,1,2,0,0,0,1,0,0,1,2,0,0,0,1,0,1,2
397950,5/17/2011 10:24,5/17/2011 10:36,1,1,94,1,1,1,NA,1,1,NA,1,1,1,0,0,1,2,1,0,1,1,1,0,0,1,0,0,0,0,0,0,0,1,0
1231695,5/17/2011 10:38,5/17/2011 10:48,1,1,100,1,1,NA,NA,NA,NA,1,1,2,2,0,1,2,2,2,2,2,2,2,1,0,2,1,0,0,2,1,2,2,2,1
1256115,5/17/2011 10:43,5/17/2011 10:55,1,1,100,NA,1,1,1,NA,1,NA,NA,0,2,0,0,1,2,2,1,2,0,1,1,1,2,0,0,1,2,1,2,0,2,1
501333,5/17/2011 10:52,5/17/2011 11:00,1,1,50,1,1,NA,NA,NA,NA,NA,NA,0,1,1,0,1,2,1,1,2,2,1,2,0,0,1,0,0,0,0,0,0,0,0
1182819,5/17/2011 10:56,5/17/2011 11:07,1,1,29,1,1,NA,1,NA,1,1,1,1,1,2,1,1,2,2,1,1,0,0,0,1,0,1,0,2,1,1,1,1,1,0
98116,5/17/2011 10:48,5/17/2011 11:17,1,1,100,1,1,1,1,NA,1,NA,NA,1,2,0,0,1,0,0,0,1,1,0,0,0,1,0,2,0,0,0,2,1,2,1
1090257,5/17/2011 11:12,5/17/2011 11:23,1,1,100,1,1,NA,NA,NA,1,1,NA,2,2,0,1,1,2,1,2,2,0,0,1,0,1,1,0,0,0,0,1,0,1,0
1591361,5/17/2011 11:19,5/17/2011 11:28,1,1,50,NA,NA,NA,NA,NA,1,1,NA,2,0,2,0,1,2,1,1,1,0,0,1,2,2,1,1,2,2,1,0,1,0,1
170907,5/17/2011 11:09,5/17/2011 11:34,1,1,90,1,NA,1,NA,NA,1,NA,NA,NA,NA,NA,NA,NA,NA,NA,NA,NA,NA,NA,NA,NA,NA,NA,0,NA,NA,NA,NA,NA,NA,NA
341651,5/17/2011 11:26,5/17/2011 11:47,1,1,95,1,1,1,NA,NA,1,NA,NA,1,2,2,1,2,2,1,1,2,2,2,2,2,2,2,0,2,1,2,2,2,2,2
40046,5/17/2011 11:38,5/17/2011 11:54,1,1,82,1,1,NA,NA,NA,NA,1,1,2,2,2,NA,2,2,2,2,2,1,2,2,2,2,2,0,2,NA,NA,2,NA,2,2
1232754,5/17/2011 12:15,5/17/2011 12:27,1,1,100,1,1,1,NA,1,1,1,NA,2,2,0,0,2,2,2,2,2,2,2,2,2,2,2,2,0,0,0,2,0,2,2
66998,5/17/2011 12:12,5/17/2011 12:28,1,1,81,1,1,1,NA,NA,1,1,1,1,0,0,0,1,1,1,1,0,0,0,0,0,1,0,1,0,0,0,0,0,0,0
328343,5/17/2011 12:17,5/17/2011 12:29,1,1,93,1,1,1,NA,NA,NA,NA,NA,2,1,0,0,2,2,2,1,2,1,1,1,1,1,1,1,1,0,0,0,1,1,2
152834,5/17/2011 12:20,5/17/2011 12:30,1,1,60,1,1,1,NA,NA,NA,NA,NA,2,2,2,1,0,2,1,2,1,1,1,0,0,1,1,2,0,0,1,1,2,2,0
1162563,5/17/2011 12:46,5/17/2011 12:54,1,1,100,1,1,1,1,NA,1,NA,NA,1,0,0,1,1,2,1,0,0,1,2,2,2,2,0,2,2,0,0,0,0,0,0
NA,5/17/2011 12:56,5/17/2011 12:57,1,1,28,NA,NA,1,NA,NA,NA,NA,NA,NA,NA,NA,NA,NA,NA,NA,NA,NA,NA,NA,NA,NA,NA,NA,NA,NA,NA,NA,NA,NA,NA,NA
NA,5/17/2011 12:58,5/17/2011 12:59,1,1,19,NA,NA,NA,NA,1,NA,NA,NA,NA,NA,NA,NA,NA,NA,NA,NA,NA,NA,NA,NA,NA,NA,NA,NA,NA,NA,NA,NA,NA,NA,NA
NA,5/17/2011 12:59,5/17/2011 13:00,1,1,30,NA,NA,NA,1,NA,NA,NA,NA,NA,NA,NA,NA,NA,NA,NA,NA,NA,NA,NA,NA,NA,NA,NA,NA,NA,NA,NA,NA,NA,NA,NA
1276726,5/17/2011 12:47,5/17/2011 13:05,1,1,100,1,1,1,1,1,1,NA,NA,2,0,0,1,2,2,2,2,2,1,1,0,0,1,0,2,2,2,1,1,2,1,2
1233031,5/17/2011 12:50,5/17/2011 13:08,1,1,100,1,1,1,1,1,1,1,1,1,0,0,0,1,1,1,1,1,0,1,1,1,1,0,1,0,0,0,0,0,0,0
1585007,5/16/2011 21:51,5/17/2011 13:21,1,1,100,NA,1,NA,NA,1,1,NA,NA,2,1,0,0,2,2,0,1,2,1,0,0,1,1,1,1,0,0,0,0,1,1,1
168049,5/17/2011 12:23,5/17/2011 13:27,1,1,100,1,1,1,1,1,1,1,1,1,1,0,0,2,2,2,2,2,0,2,1,0,2,2,0,0,0,0,1,1,1,2
1279128,5/17/2011 13:15,5/17/2011 13:38,1,1,70,1,1,1,1,1,1,1,1,0,0,0,0,1,2,1,1,2,1,0,1,1,1,1,1,2,0,1,1,0,1,0
1263664,5/17/2011 14:05,5/17/2011 14:32,1,1,100,1,NA,NA,NA,1,1,1,1,0,NA,0,NA,NA,NA,NA,0,NA,NA,NA,NA,0,NA,NA,0,0,NA,NA,NA,NA,NA,NA
1269822,5/17/2011 14:06,5/17/2011 14:39,1,1,100,NA,1,1,NA,NA,NA,NA,NA,2,2,1,0,2,2,2,2,2,1,2,1,1,2,0,1,2,0,0,2,2,2,2
232385,5/17/2011 14:29,5/17/2011 14:52,1,1,100,NA,1,1,1,1,1,NA,NA,0,2,1,1,0,2,1,2,0,0,0,0,1,0,0,2,0,1,0,2,1,2,1
1260363,5/17/2011 14:51,5/17/2011 15:01,1,1,95,NA,1,NA,NA,NA,1,1,1,2,2,0,0,2,1,1,1,2,0,0,0,0,1,0,1,1,0,1,0,1,1,1
1269540,5/17/2011 14:53,5/17/2011 15:05,1,1,100,1,1,NA,NA,NA,NA,NA,NA,NA,NA,NA,NA,NA,NA,NA,NA,NA,NA,NA,NA,NA,NA,NA,0,NA,NA,1,NA,NA,NA,NA
1012643,5/17/2011 12:14,5/17/2011 15:10,1,1,100,1,1,1,1,1,NA,1,NA,0,NA,0,1,NA,2,0,NA,NA,NA,NA,1,NA,NA,0,1,1,1,1,NA,0,NA,0
529970,5/17/2011 15:05,5/17/2011 15:14,1,1,100,NA,1,1,NA,1,NA,NA,NA,0,1,0,0,1,2,2,2,1,1,1,0,0,2,0,1,0,0,0,0,1,1,1
1261853,5/17/2011 15:13,5/17/2011 15:22,1,1,92,NA,NA,NA,NA,NA,1,NA,NA,2,2,2,0,2,2,2,2,2,2,2,2,2,2,1,2,2,2,0,0,2,2,2
1243394,5/17/2011 15:15,5/17/2011 15:24,1,1,82,1,NA,NA,NA,NA,NA,1,NA,0,2,2,0,0,2,0,2,2,2,2,2,2,2,1,2,2,2,2,1,0,1,2
653737,5/17/2011 15:12,5/17/2011 15:25,1,1,100,1,1,1,NA,1,NA,NA,NA,0,2,1,1,2,1,2,2,1,0,2,2,1,1,1,0,1,1,1,2,0,2,2
1238914,5/17/2011 15:24,5/17/2011 15:37,1,1,91,1,1,1,NA,1,1,NA,NA,1,1,1,1,2,2,NA,NA,1,NA,NA,NA,2,NA,1,0,2,NA,NA,NA,0,NA,NA
849706,5/17/2011 15:54,5/17/2011 16:05,1,1,100,1,1,1,NA,1,NA,NA,NA,2,0,1,0,1,2,2,2,2,1,1,1,2,1,2,2,1,1,1,0,2,1,2
1282708,5/17/2011 15:39,5/17/2011 16:10,1,1,75,1,1,NA,1,NA,1,1,NA,2,2,1,2,2,2,1,2,1,2,1,0,2,2,1,1,1,1,1,2,1,2,0
776875,5/17/2011 16:26,5/17/2011 16:36,1,1,29,NA,1,1,1,NA,1,NA,NA,2,0,0,0,2,2,1,1,1,1,0,0,1,2,0,2,2,0,1,1,1,1,0
534202,5/17/2011 16:39,5/17/2011 16:46,1,1,100,1,1,NA,1,NA,NA,NA,NA,2,0,0,0,2,2,1,2,0,2,0,0,1,2,0,1,0,1,1,1,1,0,2
1238731,5/17/2011 16:53,5/17/2011 17:06,1,1,98,NA,1,1,1,1,1,1,1,2,2,1,1,2,2,2,2,2,2,2,2,0,2,1,0,0,1,1,2,1,2,2
1594784,5/17/2011 17:08,5/17/2011 17:16,1,1,97,1,1,NA,NA,1,NA,1,1,2,2,2,0,2,2,2,2,2,2,1,1,1,2,1,0,2,2,0,0,1,2,2
628387,5/17/2011 17:02,5/17/2011 17:17,1,1,10,NA,1,1,NA,NA,NA,NA,NA,NA,NA,NA,NA,1,NA,NA,NA,NA,0,NA,NA,NA,NA,NA,NA,NA,NA,NA,NA,0,NA,NA
1278076,5/17/2011 17:35,5/17/2011 17:42,1,1,100,1,1,1,NA,NA,1,1,1,2,1,1,0,2,2,2,1,2,1,2,0,1,2,1,1,1,0,0,0,0,1,1
1276334,5/17/2011 17:24,5/17/2011 17:48,1,1,100,1,1,1,NA,1,1,1,1,1,1,2,1,2,1,1,2,2,1,2,2,1,2,0,0,2,2,1,2,1,2,2
1220673,5/17/2011 17:47,5/17/2011 17:56,1,1,33,1,1,NA,NA,NA,NA,NA,1,1,2,1,0,0,2,1,2,0,2,1,1,2,1,1,2,2,1,0,1,2,2,0
1655060,5/17/2011 17:49,5/17/2011 18:03,1,1,95,1,1,1,NA,1,1,NA,NA,1,0,1,0,2,2,2,1,0,1,0,1,2,1,2,1,0,0,0,0,1,1,2
1279137,5/17/2011 17:59,5/17/2011 18:11,1,1,80,NA,1,1,NA,NA,1,1,1,2,1,1,0,2,2,1,2,2,0,2,1,1,2,1,0,1,1,0,1,0,1,1
1284089,5/17/2011 18:33,5/17/2011 18:45,1,1,100,NA,1,1,NA,NA,NA,NA,NA,2,2,2,2,2,2,2,2,2,2,2,2,2,2,2,0,2,2,2,2,2,2,2
308523,5/17/2011 18:41,5/17/2011 18:52,1,1,100,1,1,1,1,NA,NA,NA,NA,1,1,0,0,0,2,2,1,1,1,2,1,1,1,0,2,1,0,1,0,1,1,1
390354,5/17/2011 18:58,5/17/2011 19:09,1,1,100,NA,1,1,NA,1,NA,NA,NA,2,1,2,1,2,2,2,NA,NA,NA,NA,NA,NA,NA,NA,NA,NA,NA,0,NA,NA,NA,NA
1614621,5/17/2011 18:58,5/17/2011 19:14,1,1,100,1,1,1,1,1,1,1,1,0,0,0,0,1,1,1,1,0,1,0,1,0,1,0,2,0,0,0,0,2,0,0
1093042,5/17/2011 19:30,5/17/2011 19:49,1,1,50,1,1,NA,NA,NA,1,1,NA,1,2,1,0,1,0,0,1,2,0,0,1,1,2,0,1,1,1,2,2,0,2,1
606016,5/17/2011 18:15,5/17/2011 19:53,1,1,91,1,1,1,1,1,1,NA,NA,0,NA,NA,0,NA,NA,NA,1,NA,NA,1,0,0,NA,NA,NA,NA,NA,NA,NA,0,NA,NA
993019,5/17/2011 19:45,5/17/2011 19:53,1,1,100,1,1,1,NA,NA,1,NA,NA,2,2,0,0,1,2,1,1,2,1,0,1,0,2,1,2,0,0,1,2,0,1,2
804397,5/17/2011 19:55,5/17/2011 20:06,1,1,100,1,1,1,1,1,1,1,1,NA,0,NA,0,NA,NA,NA,NA,NA,NA,NA,NA,0,NA,0,0,NA,NA,NA,0,0,0,NA
1248284,5/17/2011 20:04,5/17/2011 20:13,1,1,100,1,1,1,NA,1,1,1,1,2,2,2,2,2,1,1,1,2,1,2,2,2,2,2,2,2,2,2,2,0,2,1
39156,5/17/2011 20:00,5/17/2011 20:21,1,1,100,1,1,NA,NA,1,NA,NA,NA,1,1,0,0,2,2,2,2,1,1,1,0,0,2,0,2,1,0,0,1,1,1,0
1114652,5/17/2011 20:19,5/17/2011 20:30,1,1,100,1,1,1,NA,NA,NA,NA,NA,2,1,0,0,1,2,2,2,2,2,1,1,1,2,0,2,0,1,1,2,1,1,0
1237850,5/17/2011 20:34,5/17/2011 20:44,1,1,95,1,1,1,NA,NA,NA,1,NA,1,2,0,1,2,2,2,0,0,2,1,1,1,2,0,2,1,1,1,1,2,2,0
1610592,5/17/2011 14:34,5/17/2011 20:45,1,1,100,NA,NA,1,1,NA,1,NA,1,NA,NA,0,1,NA,NA,NA,NA,NA,NA,1,NA,1,NA,0,NA,1,0,1,1,1,NA,0
91843,5/17/2011 20:37,5/17/2011 20:48,1,1,95,1,1,1,NA,1,NA,NA,NA,2,2,2,2,1,2,2,2,2,1,2,2,2,2,2,0,2,2,2,2,1,2,2
541382,5/17/2011 21:01,5/17/2011 21:15,1,1,75,1,1,NA,NA,NA,1,1,1,2,1,0,0,1,2,1,2,1,1,0,0,0,2,1,0,1,0,0,1,0,0,0
627761,5/17/2011 21:09,5/17/2011 21:18,1,1,100,1,1,1,NA,1,1,NA,NA,1,1,0,0,1,2,1,1,1,0,1,0,0,1,0,2,0,0,0,0,0,0,1
1264029,5/17/2011 21:08,5/17/2011 21:22,1,1,93,1,1,1,NA,NA,NA,1,NA,0,NA,1,NA,NA,1,NA,NA,1,NA,NA,NA,1,2,NA,0,NA,NA,NA,NA,0,NA,1
1297098,5/17/2011 21:13,5/17/2011 21:27,1,1,90,1,NA,NA,NA,NA,NA,1,NA,1,2,0,0,1,1,1,1,1,2,1,1,0,1,0,2,1,0,0,2,1,2,1
1281311,5/17/2011 21:53,5/17/2011 22:00,1,1,100,1,1,1,NA,NA,NA,NA,NA,2,1,0,0,1,2,1,2,2,2,1,1,1,2,0,2,1,1,0,1,1,1,2
447437,5/17/2011 22:41,5/17/2011 22:53,1,1,100,1,NA,1,NA,NA,1,NA,NA,NA,0,1,0,2,2,2,2,2,2,2,1,1,2,0,0,1,1,0,0,1,2,0
1647377,5/18/2011 7:12,5/18/2011 7:32,1,1,100,1,1,1,NA,1,1,1,1,1,1,0,1,1,1,1,0,0,2,1,0,2,1,0,0,2,0,1,2,0,1,0
775203,5/18/2011 7:37,5/18/2011 7:45,1,1,100,NA,1,1,NA,NA,NA,NA,NA,2,1,1,0,2,2,2,2,2,1,2,1,1,2,0,1,1,0,0,0,1,1,0
1265340,5/18/2011 7:39,5/18/2011 7:59,1,1,99,1,1,NA,NA,1,1,1,1,0,2,1,0,2,0,1,1,2,1,2,2,2,1,2,0,0,2,0,2,2,2,2
1221885,5/18/2011 8:12,5/18/2011 8:23,1,1,60,1,1,1,NA,1,NA,1,NA,2,1,1,1,1,2,2,1,1,0,1,1,1,1,1,0,1,1,1,1,1,1,1
1090017,5/18/2011 8:31,5/18/2011 8:40,1,1,100,1,1,NA,NA,1,1,1,1,0,0,1,1,1,NA,0,NA,1,NA,NA,NA,0,NA,1,0,NA,NA,NA,NA,0,NA,1
794719,5/18/2011 8:31,5/18/2011 8:46,1,1,100,1,1,1,NA,1,1,1,1,2,1,0,0,2,2,2,2,1,2,0,0,1,2,1,0,0,0,0,2,1,1,1
1281618,5/18/2011 9:11,5/18/2011 9:26,1,1,100,1,1,NA,NA,1,1,NA,NA,0,1,0,0,2,2,1,1,0,2,0,0,1,1,0,1,1,0,0,0,0,1,0
1116576,5/18/2011 9:29,5/18/2011 9:40,1,1,95,1,1,1,NA,1,1,NA,NA,1,2,0,0,1,2,1,0,1,0,2,1,2,2,1,0,2,1,0,2,0,2,2
723419,5/18/2011 9:37,5/18/2011 9:46,1,1,100,1,1,NA,NA,NA,1,1,1,1,1,0,1,2,2,2,1,1,2,1,2,0,2,0,0,1,0,1,2,1,1,0
1253965,5/18/2011 10:09,5/18/2011 10:31,1,1,100,1,1,NA,NA,1,1,NA,NA,0,1,1,1,0,2,1,0,2,0,1,1,2,1,1,0,0,1,1,2,0,2,1
1035051,5/18/2011 10:13,5/18/2011 10:36,1,1,95,1,1,1,NA,NA,1,1,NA,0,2,0,1,1,1,2,1,0,2,1,1,0,2,1,0,0,1,1,2,1,2,0
1271508,5/18/2011 10:35,5/18/2011 10:44,1,1,90,1,NA,1,NA,NA,1,1,NA,1,1,2,0,2,1,1,1,2,0,1,1,1,2,0,0,0,0,0,0,0,0,0
628824,5/18/2011 10:45,5/18/2011 11:05,1,1,91,NA,1,1,1,NA,NA,NA,NA,2,2,1,0,2,2,2,2,2,1,2,1,1,2,2,1,2,1,1,2,0,2,2
807206,5/18/2011 11:13,5/18/2011 11:32,1,1,100,1,1,1,NA,NA,1,1,NA,0,0,0,0,1,1,1,2,1,0,2,1,2,2,2,0,1,0,1,1,0,0,2
785672,5/18/2011 11:15,5/18/2011 11:34,1,1,100,1,1,1,1,1,1,1,1,NA,NA,0,0,NA,NA,NA,NA,NA,NA,NA,NA,0,NA,0,NA,0,0,0,NA,NA,NA,0
649023,5/18/2011 11:54,5/18/2011 12:20,1,1,71,1,1,1,NA,NA,NA,1,NA,1,1,1,0,2,2,2,2,1,1,1,0,1,1,0,0,0,1,0,2,0,2,0
709120,5/18/2011 14:07,5/18/2011 14:16,1,1,50,1,1,1,NA,1,1,NA,NA,0,1,0,1,1,0,1,0,0,1,1,0,0,2,0,2,0,0,1,1,1,1,1
1275536,5/18/2011 15:02,5/18/2011 15:24,1,1,92,1,NA,1,NA,1,NA,1,1,1,2,1,1,1,1,2,1,2,1,2,2,1,1,1,0,1,1,1,2,2,2,1
1599257,5/18/2011 15:15,5/18/2011 15:29,1,1,95,1,NA,NA,NA,NA,1,1,1,1,2,1,1,1,2,0,1,1,1,2,2,2,0,1,1,2,1,1,2,0,2,2
1256767,5/18/2011 15:21,5/18/2011 15:40,1,1,50,1,NA,NA,NA,1,1,1,1,2,0,0,0,1,2,2,2,2,0,1,2,0,2,0,2,1,0,0,0,1,1,1
466562,5/18/2011 16:31,5/18/2011 16:44,1,1,97,1,1,1,NA,1,1,NA,NA,1,2,1,0,0,2,2,1,2,0,1,0,1,1,1,0,1,0,0,2,0,2,2
1238745,5/18/2011 17:10,5/18/2011 17:19,1,1,95,1,1,1,1,1,1,1,1,0,0,0,0,1,1,0,1,0,1,0,0,0,1,0,1,0,0,0,1,1,0,0
1275128,5/18/2011 17:07,5/18/2011 17:24,1,1,100,NA,1,1,NA,NA,1,NA,NA,2,2,1,1,1,2,2,2,2,1,2,2,1,2,1,0,1,1,2,1,1,2,2
1275387,5/18/2011 17:36,5/18/2011 17:49,1,1,75,1,NA,NA,1,1,1,NA,NA,NA,NA,0,NA,NA,NA,NA,NA,NA,NA,NA,NA,NA,NA,NA,NA,NA,1,NA,0,NA,NA,0
501039,5/18/2011 19:24,5/18/2011 19:32,1,1,10,NA,NA,NA,1,NA,NA,NA,NA,2,2,0,0,2,2,2,2,2,2,1,1,1,2,0,1,1,1,1,2,1,2,1
1249321,5/18/2011 20:17,5/18/2011 20:29,1,1,91,1,1,NA,NA,NA,NA,1,1,0,0,0,0,0,0,0,2,2,0,0,0,0,0,0,1,0,0,0,1,0,0,0
1013209,5/18/2011 20:32,5/18/2011 20:45,1,1,81,1,1,NA,NA,1,1,NA,NA,1,1,2,1,2,1,2,2,2,1,1,0,0,2,0,0,0,0,0,0,0,1,1
655874,5/18/2011 20:34,5/18/2011 20:45,1,1,100,1,1,1,1,1,NA,NA,NA,2,1,0,NA,NA,NA,2,2,NA,NA,NA,NA,0,2,1,NA,NA,NA,1,0,NA,NA,0
1241139,5/18/2011 20:41,5/18/2011 20:55,1,1,100,1,1,1,NA,NA,1,1,1,1,1,1,1,1,1,1,1,1,1,1,1,1,1,1,0,1,1,1,1,1,1,1
56270,5/18/2011 21:05,5/18/2011 21:17,1,1,50,1,1,1,NA,NA,1,NA,1,NA,NA,NA,NA,NA,NA,NA,NA,NA,NA,NA,NA,NA,NA,NA,0,NA,NA,NA,NA,NA,NA,NA
1032959,5/18/2011 22:02,5/18/2011 22:15,1,1,100,1,1,NA,NA,1,1,1,NA,2,2,0,2,2,2,2,2,1,1,1,1,0,1,1,1,1,2,1,2,1,2,0
782726,5/19/2011 9:40,5/19/2011 9:51,1,1,91,1,1,NA,NA,1,NA,1,NA,2,2,2,1,2,2,2,1,1,1,0,0,1,2,1,1,0,0,1,1,0,1,0
1490477,5/19/2011 9:43,5/19/2011 9:56,1,1,100,1,1,1,NA,NA,1,NA,1,2,1,0,0,1,2,1,2,2,2,2,1,2,2,2,1,2,0,0,0,1,1,0
NA,5/12/2011 8:21,5/12/2011 10:02,0,1,30,1,1,NA,NA,NA,NA,NA,NA,2,1,0,1,1,2,1,0,2,0,0,0,0,1,0,0,2,2,1,1,0,0,NA
715911,5/19/2011 10:00,5/19/2011 10:07,1,1,100,1,1,NA,NA,NA,NA,NA,NA,1,0,0,0,1,2,1,2,2,0,1,1,0,2,0,2,1,0,0,0,0,0,0
NA,5/12/2011 10:04,5/12/2011 10:13,0,1,100,1,1,1,1,NA,NA,NA,NA,0,0,1,0,0,0,2,0,2,0,2,2,1,1,0,2,2,1,0,1,1,0,NA
NA,5/12/2011 13:40,5/12/2011 13:44,0,2,NA,NA,NA,NA,NA,NA,NA,NA,NA,NA,NA,NA,NA,NA,NA,NA,NA,NA,NA,NA,NA,NA,NA,NA,NA,NA,NA,NA,NA,NA,NA,NA
NA,5/12/2011 13:20,5/12/2011 13:56,0,1,95,1,1,1,NA,NA,1,NA,1,NA,NA,1,NA,NA,1,2,0,0,NA,NA,NA,1,1,NA,0,NA,NA,NA,2,NA,2,NA
NA,5/12/2011 13:51,5/12/2011 13:56,0,1,4,1,NA,NA,NA,NA,NA,NA,NA,0,1,1,0,0,1,0,0,1,1,1,2,0,2,2,2,2,0,0,0,0,2,2
610731,5/19/2011 12:19,5/19/2011 14:15,1,1,100,1,NA,NA,NA,1,1,NA,NA,NA,NA,NA,NA,NA,NA,NA,NA,1,NA,1,NA,NA,NA,NA,0,NA,NA,NA,NA,NA,NA,NA
634470,5/19/2011 13:50,5/19/2011 14:15,1,1,82,NA,1,1,NA,1,NA,NA,NA,NA,NA,1,0,NA,NA,NA,NA,NA,NA,NA,NA,NA,NA,0,0,NA,NA,NA,NA,NA,NA,NA
NA,5/12/2011 13:39,5/12/2011 15:26,0,1,51,1,1,1,NA,NA,NA,NA,NA,2,2,1,0,1,1,0,2,2,0,0,0,0,NA,NA,NA,NA,NA,NA,NA,NA,NA,NA
1266670,5/19/2011 16:25,5/19/2011 16:37,1,1,100,1,1,1,NA,NA,NA,NA,NA,1,2,0,0,2,2,2,1,1,0,1,1,0,1,0,0,0,0,0,1,0,1,2
1261335,5/19/2011 20:51,5/19/2011 21:07,1,1,29,1,NA,NA,NA,NA,NA,1,NA,1,1,0,1,1,1,0,1,2,1,1,0,0,2,0,0,2,0,1,1,1,1,0
1279343,5/19/2011 20:51,5/19/2011 21:14,1,1,91,NA,1,1,NA,NA,NA,1,NA,2,0,0,0,NA,2,1,2,2,1,1,0,NA,2,0,0,1,1,NA,2,1,NA,NA
1304599,5/19/2011 21:17,5/19/2011 21:23,1,1,100,1,1,NA,NA,1,NA,NA,NA,2,1,0,0,1,1,1,0,0,0,2,2,0,2,0,1,0,0,0,0,0,0,0
1039185,5/20/2011 6:54,5/20/2011 7:11,1,1,100,1,1,NA,NA,1,NA,NA,NA,2,2,2,1,2,2,2,2,2,1,1,1,2,2,1,0,2,1,1,2,1,2,2
1004970,5/20/2011 8:36,5/20/2011 8:49,1,1,90,1,1,1,NA,1,1,1,1,1,2,1,1,1,2,1,1,2,0,1,0,0,1,2,1,1,0,1,2,0,2,2
40805,5/20/2011 9:40,5/20/2011 9:49,1,1,100,1,1,1,NA,1,1,NA,NA,0,1,1,1,1,2,2,1,0,0,0,0,0,0,1,0,0,1,1,2,1,2,1
NA,5/13/2011 10:59,5/13/2011 11:00,0,1,27,1,1,1,NA,NA,NA,NA,NA,NA,NA,NA,NA,NA,NA,NA,NA,NA,NA,NA,NA,NA,NA,NA,NA,NA,NA,NA,NA,NA,NA,NA
NA,5/13/2011 11:02,5/13/2011 11:02,0,1,100,1,NA,NA,NA,NA,NA,NA,NA,NA,NA,NA,NA,NA,NA,NA,NA,NA,NA,NA,NA,NA,NA,NA,NA,NA,NA,NA,NA,NA,NA,NA
1222273,5/20/2011 12:38,5/20/2011 12:54,1,1,95,1,NA,1,NA,NA,NA,NA,NA,2,1,0,0,2,2,NA,NA,2,NA,1,NA,NA,2,NA,0,2,0,0,1,0,1,1
702161,5/20/2011 12:54,5/20/2011 13:01,1,1,100,NA,1,NA,NA,NA,1,NA,NA,0,2,0,0,2,2,2,2,1,2,0,1,0,2,0,1,0,0,0,1,0,0,0
12345,5/13/2011 14:57,5/13/2011 15:03,0,1,38,NA,NA,NA,NA,1,NA,NA,NA,NA,NA,NA,NA,NA,NA,NA,NA,NA,NA,NA,NA,NA,NA,NA,NA,NA,NA,NA,NA,NA,NA,NA
1253861,5/20/2011 15:38,5/20/2011 15:58,1,1,41,1,1,1,NA,1,1,1,1,1,2,0,0,0,2,2,1,2,0,2,2,1,1,1,2,2,0,1,2,1,2,2
942454,5/16/2011 13:58,5/16/2011 14:02,0,1,100,1,1,1,1,1,NA,NA,NA,1,2,2,1,2,1,1,2,0,0,1,1,0,1,0,1,1,0,0,2,1,2,1
1264663,5/16/2011 14:01,5/16/2011 14:59,0,1,100,1,1,1,NA,1,1,1,1,NA,NA,1,1,NA,NA,NA,NA,NA,NA,NA,NA,1,NA,1,0,NA,NA,0,1,1,2,NA
927089,5/17/2011 9:32,5/17/2011 9:44,0,1,100,1,NA,NA,NA,NA,1,1,1,2,1,1,1,2,2,1,1,1,1,1,0,1,2,1,0,1,0,0,1,0,2,2
1693406,5/17/2011 15:22,5/17/2011 15:28,0,1,78,1,1,1,NA,1,1,1,1,2,2,1,1,2,2,2,2,1,2,1,0,2,2,1,1,1,0,0,2,1,1,0
1622279,5/16/2011 19:54,5/16/2011 20:06,0,1,90,1,1,1,1,NA,1,1,NA,1,2,0,0,0,2,1,1,0,1,0,1,0,1,0,2,0,0,0,2,1,1,0
1253371,5/16/2011 13:54,5/16/2011 14:01,0,1,100,1,1,1,NA,NA,1,NA,NA,2,2,1,1,2,2,2,2,2,1,2,1,1,2,0,1,0,0,0,1,2,2,0
1250436,5/16/2011 16:40,5/16/2011 16:49,0,1,100,NA,1,NA,NA,NA,NA,NA,NA,NA,NA,NA,1,NA,NA,NA,NA,NA,0,NA,NA,NA,NA,1,NA,NA,NA,0,NA,NA,NA,NA
1275733,5/16/2011 16:47,5/16/2011 17:02,0,1,50,1,1,1,NA,1,NA,1,NA,1,2,1,1,2,2,1,2,2,2,1,1,2,2,1,0,2,1,2,2,0,2,2
1222244,5/16/2011 13:57,5/16/2011 14:04,0,1,100,1,1,1,1,1,1,1,1,2,0,0,0,2,2,1,1,1,2,0,0,0,2,0,1,0,0,0,0,1,1,0
987130,5/16/2011 15:20,5/16/2011 15:34,0,1,100,1,1,1,NA,NA,1,NA,NA,2,2,0,0,1,2,1,2,2,1,1,1,0,2,1,2,0,1,0,2,2,2,1
1308020,5/16/2011 14:14,5/16/2011 14:38,0,1,99,1,1,1,NA,NA,1,1,1,1,2,2,1,2,2,2,2,1,2,2,1,2,2,2,0,2,1,2,2,1,2,2
493820,5/16/2011 17:32,5/16/2011 17:38,0,1,40,NA,1,1,1,1,NA,1,1,0,0,0,0,2,2,0,1,2,1,2,1,0,1,0,2,1,1,2,2,1,2,1
59143,5/16/2011 13:57,5/16/2011 14:11,0,1,100,1,1,NA,NA,NA,1,NA,NA,0,2,0,0,0,1,1,1,1,1,1,0,0,2,0,1,1,1,2,2,1,2,2
NA,5/12/2011 0:40,5/16/2011 11:55,0,1,78,1,1,NA,NA,NA,NA,NA,NA,NA,NA,NA,NA,NA,NA,NA,NA,NA,NA,NA,NA,NA,NA,NA,NA,NA,NA,NA,NA,NA,NA,NA
1274576,5/16/2011 17:43,5/16/2011 17:50,0,1,90,NA,1,1,NA,NA,1,NA,1,NA,NA,0,0,NA,NA,NA,NA,0,NA,NA,NA,0,NA,NA,NA,NA,NA,NA,NA,NA,NA,NA
1098957,5/16/2011 14:36,5/16/2011 14:40,0,1,100,1,1,1,1,1,1,NA,1,NA,NA,NA,NA,NA,NA,NA,NA,NA,NA,NA,NA,NA,NA,NA,NA,NA,NA,NA,NA,NA,NA,NA
1619485,5/17/2011 6:50,5/17/2011 7:02,0,1,100,NA,NA,1,NA,1,1,1,1,1,1,1,1,2,2,2,2,1,1,1,1,1,2,1,0,1,1,1,1,1,1,1
1255547,5/16/2011 14:51,5/16/2011 15:02,0,1,100,1,NA,1,1,NA,1,NA,1,NA,0,0,NA,NA,NA,NA,NA,NA,NA,NA,0,1,NA,1,NA,1,1,NA,0,NA,NA,1
191155,5/16/2011 21:39,5/16/2011 21:46,0,1,90,1,1,1,NA,NA,NA,NA,NA,1,2,0,0,2,2,2,2,2,2,1,1,2,2,2,2,0,1,0,2,1,2,2
173353,5/16/2011 16:22,5/16/2011 16:30,0,1,100,1,1,NA,NA,NA,NA,NA,NA,2,2,0,0,2,2,2,2,2,1,2,1,2,2,0,1,2,1,0,2,1,2,2
599974,5/17/2011 8:35,5/17/2011 8:40,0,1,100,NA,1,NA,NA,NA,NA,1,NA,0,0,1,1,0,0,0,2,1,1,0,0,0,2,1,1,1,1,1,1,1,0,1
1265393,5/16/2011 17:27,5/16/2011 17:39,0,1,100,1,1,1,1,1,1,1,1,NA,NA,0,0,NA,NA,NA,NA,NA,NA,NA,NA,1,NA,0,NA,NA,NA,NA,NA,NA,NA,NA
1259633,5/16/2011 22:13,5/16/2011 22:24,0,1,36,1,1,1,1,1,1,NA,NA,0,1,1,1,0,NA,1,0,1,0,1,2,1,0,1,0,0,NA,NA,NA,0,NA,1
594600,5/16/2011 16:48,5/16/2011 17:13,0,1,75,NA,1,1,NA,NA,1,1,NA,0,1,0,2,1,2,1,1,1,2,1,1,0,1,1,0,2,0,0,2,0,2,1
1237850,5/17/2011 20:26,5/17/2011 20:34,0,1,95,1,1,NA,NA,NA,NA,1,NA,2,2,0,1,2,2,2,0,0,2,1,1,1,2,0,2,1,1,1,1,2,2,0
1277451,5/16/2011 16:28,5/16/2011 16:54,0,1,100,1,1,1,1,1,NA,1,1,1,1,2,1,0,2,0,1,1,1,2,1,2,2,2,1,2,0,1,1,0,2,1
1314917,5/16/2011 14:25,5/16/2011 14:39,0,1,99,1,1,1,1,1,1,1,1,0,0,0,1,0,1,0,1,2,1,2,2,0,1,1,1,2,2,1,1,0,0,0
653623,5/16/2011 13:51,5/16/2011 13:58,0,1,100,NA,1,1,NA,NA,NA,NA,NA,2,2,1,1,2,2,1,2,2,2,1,0,0,2,1,0,1,0,1,2,2,2,1
423177,5/16/2011 14:34,5/16/2011 14:41,0,1,100,1,1,1,NA,1,1,1,1,NA,NA,0,0,NA,NA,NA,NA,NA,NA,NA,NA,NA,NA,0,NA,0,0,0,1,NA,NA,1
1093596,5/18/2011 22:04,5/18/2011 22:18,0,1,92,1,1,1,NA,1,1,1,NA,1,2,0,0,0,1,0,0,0,1,0,0,1,0,0,2,1,1,1,2,0,2,0
1279773,5/16/2011 19:08,5/16/2011 19:17,0,1,99,1,1,1,NA,NA,1,1,1,2,2,0,0,1,2,2,2,2,0,0,0,2,0,2,1,0,0,0,2,0,1,2
474895,5/16/2011 15:37,5/16/2011 15:43,0,1,85,NA,1,1,NA,NA,1,NA,NA,NA,NA,0,0,NA,NA,NA,NA,NA,NA,1,NA,1,2,NA,NA,0,NA,1,0,NA,NA,0
1272392,5/17/2011 17:44,5/17/2011 17:55,0,1,49,1,1,NA,NA,1,1,1,NA,1,1,1,0,2,2,2,2,2,2,1,1,1,2,1,0,2,2,1,1,2,2,2
492343,5/16/2011 14:50,5/16/2011 14:53,0,1,100,1,1,NA,NA,NA,1,1,NA,2,2,2,2,2,2,2,2,2,2,2,2,2,2,2,0,2,2,2,2,2,2,2
1278423,5/18/2011 8:00,5/18/2011 8:20,0,1,100,NA,1,1,NA,1,NA,1,1,1,1,1,1,2,2,1,2,1,2,1,1,1,2,1,0,1,1,1,1,1,1,0
NA,5/20/2011 13:48,5/20/2011 14:08,0,1,92,1,NA,1,NA,1,NA,NA,NA,NA,NA,1,NA,NA,NA,NA,NA,NA,1,NA,NA,1,NA,1,0,NA,NA,NA,NA,NA,NA,NA
798691,5/16/2011 13:54,5/16/2011 14:04,0,1,100,1,1,1,1,1,1,1,1,2,1,2,0,2,2,2,2,2,2,1,2,2,2,1,2,2,1,0,1,1,1,2
639140,5/16/2011 21:06,5/16/2011 21:16,0,1,100,1,1,1,1,1,1,1,1,NA,NA,NA,0,NA,NA,NA,NA,NA,NA,NA,NA,NA,NA,0,NA,NA,0,0,0,NA,NA,NA
769444,5/16/2011 19:14,5/16/2011 19:32,0,1,100,1,NA,1,NA,1,1,1,1,2,1,0,0,2,1,2,2,1,2,1,1,1,2,2,0,1,1,2,2,1,0,2
429198,5/16/2011 14:22,5/16/2011 16:36,0,1,80,1,1,NA,NA,1,1,NA,NA,2,2,1,2,2,2,2,2,2,2,2,2,2,2,2,1,1,0,0,2,0,2,2
1279813,5/19/2011 11:59,5/19/2011 12:14,0,1,99,1,1,1,1,1,1,1,1,0,1,0,0,0,2,0,0,0,1,0,2,1,2,2,1,1,0,0,1,0,1,0
51256,5/16/2011 13:52,5/16/2011 14:10,0,1,100,1,1,1,1,NA,NA,NA,NA,0,0,1,1,0,0,2,0,2,0,2,2,1,1,1,2,2,1,1,1,1,1,2
1248852,5/16/2011 19:09,5/16/2011 19:20,0,1,100,NA,NA,1,1,1,1,1,1,1,0,1,0,2,1,2,1,2,2,1,0,2,1,0,1,2,0,1,1,0,1,0
783433,5/16/2011 19:55,5/16/2011 20:16,0,1,100,1,1,1,NA,1,1,NA,1,2,2,1,0,1,2,0,0,1,1,2,1,1,2,1,0,1,0,0,2,0,2,1
1280382,5/16/2011 14:52,5/16/2011 16:18,0,1,81,1,1,1,NA,NA,1,1,1,2,1,1,1,2,2,2,2,2,2,2,2,1,2,1,0,2,1,1,1,2,2,2
643007,5/16/2011 17:18,5/16/2011 17:30,0,1,100,1,NA,1,NA,NA,1,NA,NA,0,1,2,2,2,2,2,1,1,0,2,2,2,2,2,0,2,2,2,2,0,1,2
1261446,5/16/2011 13:55,5/16/2011 14:02,0,1,100,NA,1,1,NA,NA,NA,NA,NA,2,2,2,0,2,2,2,2,1,1,1,0,2,2,1,1,0,0,0,1,1,1,0
588395,5/16/2011 13:55,5/16/2011 14:03,0,1,100,1,1,NA,NA,NA,NA,NA,NA,1,2,0,0,2,2,2,2,1,2,2,1,1,2,1,1,0,0,1,2,0,2,2
1240789,5/16/2011 14:51,5/16/2011 14:58,0,1,84,1,1,1,NA,1,NA,NA,NA,NA,NA,NA,0,NA,NA,NA,NA,NA,NA,NA,NA,NA,NA,NA,NA,NA,NA,2,NA,NA,NA,NA
1272342,5/16/2011 14:32,5/16/2011 15:05,0,1,83,1,1,1,NA,1,1,1,1,0,NA,NA,0,0,NA,0,1,2,NA,0,NA,0,0,1,NA,NA,1,1,1,1,1,NA
1226385,5/16/2011 14:43,5/16/2011 15:02,0,1,91,1,1,1,NA,NA,1,1,1,2,2,0,0,2,2,1,1,2,1,2,2,2,1,1,0,0,0,0,1,1,1,2
846066,5/17/2011 9:37,5/17/2011 10:14,0,1,100,1,1,1,NA,NA,1,NA,NA,1,1,0,NA,NA,2,1,1,0,1,0,NA,NA,2,0,1,NA,0,1,0,NA,1,NA
1266770,5/19/2011 20:36,5/19/2011 20:44,0,1,100,1,1,1,NA,NA,NA,NA,NA,0,2,1,1,1,2,2,2,2,0,1,1,2,1,2,1,2,1,2,2,0,2,1
837565,5/16/2011 16:37,5/16/2011 16:47,0,1,90,1,NA,NA,NA,NA,NA,1,NA,0,2,2,1,1,2,2,0,0,0,1,1,1,2,1,0,2,2,1,2,1,2,1
594783,5/16/2011 13:53,5/16/2011 13:59,0,1,85,1,1,1,1,1,1,1,1,1,2,1,0,1,0,2,2,1,0,1,1,2,1,0,2,1,1,1,2,0,2,2
465632,5/16/2011 14:58,5/16/2011 15:10,0,1,100,1,1,1,1,1,1,1,1,NA,1,1,1,NA,NA,NA,0,NA,NA,NA,NA,0,NA,0,NA,0,NA,0,1,0,NA,NA
259829,5/16/2011 14:12,5/16/2011 16:20,0,1,100,1,1,1,NA,NA,1,NA,NA,NA,NA,0,0,0,NA,0,0,NA,0,NA,NA,NA,NA,1,NA,1,NA,1,NA,1,2,NA
781976,5/17/2011 22:51,5/17/2011 23:06,0,1,100,NA,1,NA,NA,1,1,NA,NA,1,0,1,0,1,2,2,1,2,2,0,0,2,2,0,0,1,0,0,0,0,0,0
993742,5/16/2011 16:50,5/16/2011 17:00,0,1,100,1,NA,NA,NA,NA,1,NA,NA,0,NA,NA,NA,2,0,NA,0,0,1,NA,NA,NA,2,2,0,0,NA,NA,2,1,2,2
1245044,5/17/2011 17:55,5/17/2011 18:00,0,1,96,NA,1,1,NA,NA,1,NA,NA,NA,NA,0,0,NA,NA,NA,NA,NA,NA,NA,NA,NA,NA,NA,NA,NA,NA,0,1,NA,NA,NA
322665,5/16/2011 18:34,5/16/2011 18:42,0,1,99,1,1,1,NA,1,1,1,NA,NA,NA,NA,NA,NA,NA,1,NA,NA,0,NA,1,NA,NA,NA,0,NA,NA,NA,NA,0,NA,NA
548003,5/16/2011 15:48,5/16/2011 15:54,0,1,100,1,NA,NA,NA,NA,NA,NA,NA,0,2,2,2,2,2,2,0,1,0,2,2,1,2,2,0,2,2,2,2,0,2,2
1278292,5/16/2011 16:04,5/16/2011 16:11,0,1,35,1,NA,1,NA,NA,NA,NA,1,2,2,2,1,2,2,2,2,2,1,1,0,2,2,2,2,2,2,2,2,0,2,2
1265865,5/16/2011 14:13,5/16/2011 14:21,0,1,100,1,NA,NA,NA,1,1,1,1,NA,NA,NA,NA,NA,NA,NA,NA,NA,NA,NA,NA,NA,NA,NA,0,NA,NA,NA,NA,NA,NA,NA
599016,5/16/2011 13:54,5/16/2011 14:05,0,1,100,1,1,1,NA,1,1,NA,NA,1,1,0,1,0,2,2,1,1,2,0,1,0,2,0,2,1,0,0,1,0,1,1
1258564,5/16/2011 13:59,5/16/2011 14:08,0,1,90,NA,1,NA,NA,NA,NA,NA,NA,NA,NA,1,0,1,NA,NA,NA,NA,NA,0,NA,NA,NA,0,0,NA,0,NA,NA,NA,NA,NA
675672,5/17/2011 9:03,5/17/2011 9:09,0,1,100,1,1,1,NA,NA,NA,NA,NA,1,0,0,0,2,2,1,1,0,2,1,1,2,2,0,2,2,1,1,0,1,1,2
315895,5/16/2011 14:14,5/16/2011 14:27,0,1,78,1,NA,NA,NA,1,NA,NA,NA,NA,2,0,0,2,2,2,1,1,1,2,1,0,1,0,2,1,0,0,2,0,2,1
1283184,5/16/2011 16:48,5/16/2011 16:55,0,1,62,1,NA,NA,1,NA,NA,1,1,0,1,0,0,0,2,2,1,0,0,2,2,0,0,0,2,0,1,1,1,0,1,1
322965,5/16/2011 16:55,5/16/2011 17:08,0,1,100,1,1,1,1,1,1,1,1,2,2,0,1,1,2,2,2,1,1,0,0,0,2,1,0,0,1,1,1,0,2,0
1256317,5/17/2011 9:59,5/17/2011 10:46,0,1,100,1,1,1,NA,1,1,1,1,1,1,2,1,2,2,2,1,1,2,1,2,1,2,2,0,1,2,1,2,2,2,2
722988,5/18/2011 20:39,5/18/2011 20:43,0,1,100,1,1,1,NA,1,1,1,NA,NA,NA,NA,NA,NA,NA,NA,NA,NA,NA,NA,NA,NA,NA,NA,0,NA,NA,NA,NA,NA,NA,NA
1685501,5/16/2011 16:06,5/16/2011 16:23,0,1,100,NA,NA,NA,NA,1,NA,NA,NA,1,1,2,0,1,2,2,0,2,0,2,2,2,2,2,0,1,2,0,0,0,1,2
639140,5/16/2011 19:07,5/16/2011 19:14,0,1,100,1,1,1,1,1,1,1,1,2,NA,1,0,NA,2,NA,2,NA,NA,NA,NA,NA,NA,0,NA,NA,0,0,0,NA,NA,NA
1266183,5/16/2011 14:27,5/16/2011 14:32,0,1,20,1,1,1,NA,NA,NA,NA,NA,2,1,2,0,1,2,2,2,2,2,1,1,2,2,2,2,0,0,0,0,0,0,2
1614621,5/17/2011 18:44,5/17/2011 18:56,0,1,100,1,1,1,1,1,1,1,1,0,0,0,0,1,0,1,1,0,1,0,0,0,1,0,2,0,0,0,0,2,0,0
1237465,5/17/2011 12:01,5/17/2011 12:09,0,1,100,NA,1,1,NA,1,1,NA,NA,1,2,1,0,2,2,1,2,1,2,1,0,0,2,0,0,1,0,1,2,0,2,2
1255621,5/16/2011 14:02,5/16/2011 14:10,0,1,61,NA,1,1,1,NA,1,1,NA,2,2,0,0,2,2,2,2,2,0,2,2,1,1,2,1,0,0,2,2,1,2,1
719413,5/18/2011 11:52,5/18/2011 14:42,0,1,91,1,1,NA,NA,1,1,1,NA,0,1,2,0,1,1,2,0,0,0,1,1,1,2,0,0,0,1,0,1,0,2,1
1278222,5/16/2011 13:58,5/16/2011 14:02,0,1,50,1,NA,NA,NA,NA,NA,NA,NA,NA,NA,NA,NA,NA,NA,NA,NA,NA,NA,NA,NA,NA,NA,NA,NA,NA,NA,NA,NA,NA,NA,NA
832295,5/17/2011 22:40,5/17/2011 22:59,0,1,100,1,1,1,NA,1,NA,NA,1,NA,NA,NA,NA,NA,NA,NA,NA,NA,NA,NA,NA,NA,NA,NA,NA,NA,NA,NA,NA,NA,NA,NA
1243982,5/16/2011 14:52,5/16/2011 14:55,0,1,76,NA,1,NA,NA,NA,NA,NA,NA,NA,NA,0,0,NA,NA,NA,NA,NA,NA,0,NA,NA,NA,NA,NA,NA,NA,NA,0,NA,NA,0
810628,5/16/2011 13:53,5/16/2011 14:01,0,1,100,1,1,NA,NA,NA,NA,1,NA,NA,NA,NA,NA,NA,NA,NA,NA,NA,NA,NA,NA,NA,NA,NA,0,NA,NA,NA,NA,NA,NA,NA
162802,5/17/2011 6:08,5/17/2011 8:39,0,1,100,1,1,1,NA,NA,1,1,1,0,1,0,0,1,1,1,1,0,2,2,1,1,2,1,2,1,1,1,1,0,1,1
1210084,5/16/2011 13:55,5/16/2011 14:30,0,1,100,1,1,NA,1,NA,NA,NA,NA,2,0,2,0,2,2,2,2,2,2,2,2,2,2,2,2,2,2,0,2,0,0,2
115177,5/16/2011 18:09,5/16/2011 18:19,0,1,100,1,1,1,NA,NA,NA,1,1,0,0,0,0,1,1,0,2,0,1,1,0,2,2,1,1,1,0,0,1,0,1,0
1256768,5/16/2011 14:06,5/16/2011 14:08,0,2,NA,NA,NA,NA,NA,NA,NA,NA,NA,NA,NA,NA,NA,NA,NA,NA,NA,NA,NA,NA,NA,NA,NA,NA,NA,NA,NA,NA,NA,NA,NA,NA
1261893,5/16/2011 17:07,5/16/2011 17:14,0,1,100,1,1,1,NA,1,NA,NA,NA,1,1,1,0,1,1,0,1,1,0,1,1,2,1,2,2,1,1,0,0,0,0,1
1250876,5/16/2011 16:09,5/16/2011 16:16,0,1,100,1,1,NA,NA,1,1,1,NA,0,1,1,0,1,1,2,0,1,1,2,2,2,0,2,0,2,1,0,1,0,0,0
85,5/16/2011 14:19,5/16/2011 14:24,0,1,100,1,1,1,NA,1,1,1,1,NA,NA,NA,0,NA,NA,NA,NA,NA,NA,NA,NA,NA,NA,NA,NA,NA,NA,NA,NA,NA,NA,NA
815710,5/16/2011 15:31,5/16/2011 15:40,0,1,100,1,1,1,NA,1,1,1,1,1,1,0,0,2,2,1,2,2,2,2,2,1,2,1,0,0,1,0,0,2,2,1
950839,5/16/2011 21:04,5/16/2011 21:12,0,1,100,1,NA,1,NA,1,1,NA,NA,2,2,2,2,2,2,2,2,2,2,2,2,2,2,2,0,2,2,2,2,2,2,2
1250436,5/19/2011 11:28,5/19/2011 11:34,0,1,2,NA,1,NA,NA,1,NA,NA,NA,NA,NA,NA,0,NA,NA,NA,NA,NA,0,NA,0,1,NA,1,1,1,1,0,NA,NA,NA,NA
676387,5/16/2011 16:15,5/16/2011 16:21,0,1,100,1,1,1,NA,1,1,NA,NA,NA,NA,NA,NA,NA,NA,NA,NA,NA,NA,NA,0,NA,NA,0,NA,NA,NA,NA,NA,1,NA,NA
1246160,5/17/2011 13:15,5/17/2011 13:32,0,1,100,1,1,1,1,1,1,1,1,1,1,1,0,NA,2,NA,NA,1,NA,NA,NA,0,NA,0,0,NA,0,1,1,NA,NA,0
1272392,5/17/2011 18:05,5/17/2011 18:11,0,1,49,1,1,NA,NA,1,1,NA,NA,1,1,1,0,2,2,2,2,2,2,2,2,2,2,1,0,2,2,1,1,1,2,2
1256852,5/16/2011 15:13,5/16/2011 16:01,0,1,85,1,1,1,1,NA,NA,NA,NA,0,2,0,0,1,2,2,1,1,0,1,2,1,1,1,0,2,1,2,2,1,0,1
501967,5/16/2011 14:23,5/16/2011 14:30,0,1,100,1,NA,NA,NA,1,1,NA,1,1,2,0,0,2,1,1,1,2,0,1,1,1,2,0,1,0,0,0,0,0,2,2
1242311,5/16/2011 13:59,5/16/2011 14:06,0,1,100,NA,1,1,NA,NA,1,NA,NA,0,1,0,0,0,1,0,1,1,2,0,1,0,2,0,2,1,0,0,1,0,1,1
833841,5/16/2011 14:00,5/16/2011 14:06,0,1,100,1,1,1,NA,NA,NA,NA,NA,NA,NA,NA,NA,NA,NA,1,1,NA,NA,NA,NA,NA,NA,NA,0,NA,NA,NA,NA,1,NA,NA
1272684,5/16/2011 17:23,5/16/2011 17:29,0,1,19,NA,1,NA,NA,NA,NA,NA,NA,2,1,1,0,2,2,1,1,2,2,1,1,2,2,0,2,2,0,0,0,2,1,2
1241209,5/16/2011 19:57,5/16/2011 20:04,0,1,100,1,1,1,NA,1,1,1,NA,2,1,0,0,1,2,2,2,1,0,0,0,0,2,0,1,2,0,0,2,1,1,0
1269198,5/16/2011 17:05,5/16/2011 17:09,0,1,100,1,1,1,NA,1,1,1,1,1,2,1,1,2,2,2,2,2,NA,NA,1,NA,NA,NA,0,NA,1,NA,NA,0,NA,NA
232385,5/16/2011 14:26,5/16/2011 14:53,0,1,100,1,1,1,1,1,1,1,1,2,2,2,0,2,2,2,2,2,2,2,0,2,2,2,2,0,0,0,2,0,2,2
1232220,5/16/2011 18:09,5/16/2011 18:09,0,2,NA,NA,NA,NA,NA,NA,NA,NA,NA,NA,NA,NA,NA,NA,NA,NA,NA,NA,NA,NA,NA,NA,NA,NA,NA,NA,NA,NA,NA,NA,NA,NA
1237096,5/16/2011 14:15,5/16/2011 14:23,0,1,61,1,1,NA,NA,1,NA,NA,NA,0,1,0,0,1,2,0,0,0,1,0,0,0,1,1,1,1,1,1,1,0,1,0
702161,5/16/2011 16:05,5/16/2011 16:15,0,1,100,NA,1,NA,NA,NA,1,NA,NA,0,2,0,0,2,2,2,2,1,2,0,0,0,2,0,1,1,0,0,1,0,0,0
1625516,5/16/2011 22:12,5/16/2011 22:24,0,1,100,NA,NA,1,NA,NA,NA,NA,NA,2,2,1,2,2,2,2,2,2,2,2,2,2,2,2,2,2,2,0,2,2,2,2
1284055,5/17/2011 7:52,5/17/2011 7:56,0,1,100,1,1,1,NA,1,NA,1,NA,NA,NA,NA,NA,NA,NA,NA,NA,NA,NA,NA,NA,NA,NA,NA,NA,NA,NA,NA,NA,NA,NA,NA
630207,5/16/2011 14:03,5/16/2011 14:12,0,1,100,1,1,1,1,1,1,1,1,2,2,2,0,1,2,1,1,1,2,1,0,0,2,0,2,0,1,1,2,1,2,0
1623959,5/16/2011 15:20,5/16/2011 15:27,0,1,100,1,NA,NA,1,1,1,NA,NA,NA,2,0,NA,NA,NA,NA,NA,NA,NA,NA,NA,NA,NA,NA,2,NA,0,0,NA,1,NA,0
1268522,5/16/2011 15:23,5/16/2011 15:36,0,1,100,NA,1,1,NA,NA,1,NA,NA,0,1,1,1,2,2,2,2,2,2,2,2,2,2,0,2,1,0,0,0,2,2,2
784972,5/16/2011 22:58,5/16/2011 23:06,0,1,95,NA,NA,1,1,1,1,1,1,1,1,2,0,2,1,1,2,2,1,0,0,0,2,1,1,2,0,0,2,1,2,0
1259630,5/19/2011 18:47,5/19/2011 18:58,0,1,90,1,1,1,1,NA,1,1,1,2,2,0,0,1,1,2,2,0,1,1,2,0,2,0,1,1,1,0,2,1,2,1
37601,5/16/2011 22:29,5/16/2011 22:39,0,1,50,1,1,NA,NA,NA,NA,NA,NA,1,2,0,0,2,2,2,1,1,2,1,0,0,1,0,1,2,1,0,2,1,2,1
1268576,5/16/2011 18:59,5/16/2011 19:05,0,1,92,1,1,NA,NA,NA,NA,NA,NA,1,1,1,0,0,0,1,0,2,0,1,0,0,1,1,1,1,0,0,1,0,1,2
1248671,5/16/2011 13:53,5/16/2011 14:05,0,1,70,1,1,1,NA,NA,NA,NA,NA,2,0,0,1,1,2,1,2,1,2,2,2,1,2,0,1,1,0,1,0,1,1,1
602606,5/18/2011 1:17,5/18/2011 1:24,0,1,100,1,1,1,NA,NA,1,NA,NA,0,1,2,1,1,2,1,0,0,0,2,2,1,2,2,1,2,2,2,1,1,2,1
806061,5/16/2011 20:00,5/16/2011 20:05,0,1,80,1,1,NA,NA,NA,1,1,1,2,2,2,2,2,2,2,2,2,2,2,2,2,2,2,0,2,2,2,2,2,2,2
687541,5/18/2011 19:33,5/18/2011 19:39,0,1,100,1,1,1,1,NA,NA,NA,NA,0,2,0,1,1,1,1,2,2,2,2,1,0,2,0,1,0,0,1,1,0,2,0
